Marca;Expendeduría Euros/Cajetilla;Con Recargo Euros/Cajetilla
Adalya Adalya Power (50 g) CM;2,2;2,55
Adalya AppGrade (50 g) CM;2,2;2,55
Adalya Bagdadi (50 g) CM;2,2;2,55
Adalya Berlin Nights (1000 g) CM;33;37,95
Adalya Berlin Nights (50 g) CM;2,2;2,55
Adalya Berlin Nights (990 g) CM;33;37,95
Adalya Billionaire (50 g) CM;2,2;2,55
Adalya Black Cane Mnt (50 g) CM;2,2;2,55
Adalya Black Dragon (50 g) CM;2,1;2,4
Adalya Black Horchachi (50 g) CM;2,1;2,4
Adalya Black Lem Bry (50 g) CM;2,2;2,55
Adalya Black Pych (50 g) CM;2,2;2,55
Adalya Black Voodoo (50 g) CM;2,1;2,4
Adalya Blue Dragan (50 g) CM;2,2;2,55
Adalya Blue I´ss (200 g) CM;8;9,2
Adalya Blue I'ss (1000 g) CM;33;37,95
Adalya Blue I'ss (50 g) CM;2,2;2,55
Adalya Blue I'ss (990 g) CM;33;37,95
Adalya Blue Lych (50 g) CM;2,2;2,55
Adalya Blue Yellow (200 g) CM;8;9,2
Adalya Blue Yellow (50 g) CM;2,2;2,55
Adalya Chwng Kizz (1000 g) CM;31,95;36,75
Adalya Chwng Waterloo (50 g) CM;2,2;2,55
Adalya Chwng Wood Kizz (1000 g) CM;31,95;36,75
Adalya Chwng Wood Kizz (200 g) CM;8;9,2
Adalya Chwng Wood Kizz (50 g) CM;2,2;2,55
Adalya Cindy's (50 g) CM;2,2;2,55
Adalya Desperado (50 g) CM;2,2;2,55
Adalya Dragan Code (50 g) CM;2,2;2,55
Adalya Dulcinea (50 g) CM;2,2;2,55
Adalya Eskimo Leon  (50 g) CM;2,2;2,55
Adalya Esmeralda (50 g) CM;2,2;2,55
Adalya Exotic Rush (50 g) CM;2,2;2,55
Adalya Gipsy Kings (200 g) CM;8;9,2
Adalya Gipsy Kings (50 g) CM;2,2;2,55
Adalya Green Leon Kizz (50 g) CM;2,2;2,55
Adalya Hawaii (1000 g) CM;33;37,95
Adalya Hawaii (200 g) CM;8;9,2
Adalya Hawaii (50 g) CM;2,2;2,55
Adalya Hawaii (990 g) CM;33;37,95
Adalya I´ss Kaktu (50 g) CM;2,2;2,55
Adalya I'ss (50 g) CM;2,2;2,55
Adalya I'ss Boni (50 g) CM;2,2;2,55
Adalya I'ss Lie On The Rocks (1000 g) CM;33;37,95
Adalya I'ss Lie on the Rocks (50 g) CM;2,2;2,55
Adalya I'ss Lie On The Rocks (990 g) CM;33;37,95
Adalya Jungle Jungle (50 g) CM;2,2;2,55
Adalya Kizz (1000 g) CM;33;37,95
Adalya Kizz (200 g) CM;6,95;8
Adalya Kizz (50 g) CM;2,2;2,55
Adalya Kizz 2.0 (990 g) CM;33;37,95
Adalya Krosty App (50 g) CM;2,1;2,4
Adalya L. Kill (1000 g) CM;33;37,95
Adalya L. Kill (200 g) CM;8;9,2
Adalya L. Kill (50 g) CM;2,2;2,55
Adalya L. Kill 2.0 (990 g) CM;33;37,95
Adalya La Bonita (50 g) CM;2,2;2,55
Adalya Leon Pi (50 g) CM;2,2;2,55
Adalya Love66 (1000 g) CM;33;37,95
Adalya Love66 (200 g) CM;8;9,2
Adalya Love66 (50 g) CM;2,2;2,55
Adalya Love66 (990 g) CM;33;37,95
Adalya M.M. (50 g) CM;2,1;2,4
Adalya Manko Tanko (50 g) CM;2,2;2,55
Adalya Manko Tanko I'ss (1000 g) CM;33;37,95
Adalya Manko Tanko I'ss (200 g) CM;8;9,2
Adalya Manko Tanko I'ss (50 g) CM;2,2;2,55
Adalya Manko Tanko I'ss (990 g) CM;33;37,95
Adalya Moon Dream (200 g) CM;8;9,2
Adalya Moon Dream (50 g) CM;2,2;2,55
Adalya Pair Kizz (50 g) CM;2,2;2,55
Adalya Paradiso I'ss (50 g) CM;2,2;2,55
Adalya Passion Kizz (50 g) CM;2,2;2,55
Adalya Punkman (50 g) CM;2,2;2,55
Adalya Pych Blue Kizz (50 g) CM;2,2;2,55
Adalya Red Alert I'ss (1000 g) CM;31,95;36,75
Adalya Red Alert l'ss (50 g) CM;2,2;2,55
Adalya Rhapsody (50 g) CM;2,2;2,55
Adalya Skyfall (50 g) CM;2,2;2,55
Adalya Sweess Boom (1000 g) CM;33;37,95
Adalya Sweess Boom (200 g) CM;8;9,2
Adalya Sweess Boom (50 g) CM;2,2;2,55
Adalya Sweess Boom (990 g) CM;33;37,95
Adalya Three Angels (50 g) CM;2,2;2,55
Adalya Tony´s Destiny (50 g) CM;2,2;2,55
Adalya Twist Pi (50 g) CM;2,1;2,4
Adalya Two App (50 g) CM;2,2;2,55
Adalya Two Yellow I´ss (50 g) CM;2,2;2,55
Adalya Tynky Wynky (200 g) CM;8;9,2
Adalya Tynky Wynky (50 g) CM;2,2;2,55
Adalya Van (50 g) CM;2,2;2,55
Adalya Waterlon Kizz (50 g) CM;2,2;2,55
Adalya Waterloo Kizz (200g) CM;8;9,2
Al Fakher Amber Rise (100 g) CM;6,5;7,5
Al Fakher Apple (50 g) CM;1,9;2,2
Al Fakher Big Green (1000 g) CM;38;43,7
Al Fakher Big Green (50 g) CM;2,2;2,55
Al Fakher Big Green (5000 g) CM;195;224,25
Al Fakher Big Red Splash (200 g) CM;9,95;11,45
Al Fakher Black Mist (1000 g) CM;32;36,8
Al Fakher Blueberry (50 g) CM;1,9;2,2
Al Fakher Blueberry Mint (50 g) CM;1,9;2,2
Al Fakher Cherry (50 g) CM;1,9;2,2
Al Fakher Chocolate Mint (50 g) CM;1,9;2,2
Al Fakher Coconut (50 g) CM;1,9;2,2
Al Fakher Cool FX (1000 g) CM;38;43,7
Al Fakher Cool FX (250 g) CM;10,5;12,1
Al Fakher Cool FX (50 g) CM;2,3;2,65
Al Fakher Crimson Crush (100 g) CM;6,5;7,5
Al Fakher Energy Drink (50 g) CM;1,9;2,2
Al Fakher Fusion Ambrosia (1000 g) CM;38;43,7
Al Fakher Fusion Ambrosia (250 g) CM;10,5;12,1
Al Fakher Fusion Ambrosia (50 g) CM;2,3;2,65
Al Fakher Fusion Black Widow (1000 g) CM;38;43,7
Al Fakher Fusion Black Widow (250 g) CM;10,5;12,1
Al Fakher Fusion Black Widow (50 g) CM;2,3;2,65
Al Fakher Fusion Lucid Dream (1000 g) CM;38;43,7
Al Fakher Fusion Lucid Dream (250 g) CM;10,5;12,1
Al Fakher Fusion Lucid Dream (50 g) CM;2,3;2,65
Al Fakher Fusion Magic Love (250 g) CM;10,5;12,1
Al Fakher Fusion Magic Love (50 g) CM;2,3;2,65
Al Fakher Fusión White Flash (1000 g) CM;38;43,7
Al Fakher Fusión White Flash (250 g) CM;10,5;12,1
Al Fakher Fusión White Flash (50 g) CM;2,3;2,65
Al Fakher Grapes (50 g) CM;1,9;2,2
Al Fakher Grapes-Mint (50 g) CM;1,9;2,2
Al Fakher Grapio Night (250 g) CM;10,5;12,1
Al Fakher Green Chu (1000 g) CM;38;43,7
Al Fakher Green Chu (50 g) CM;2,2;2,55
Al Fakher Green Velvet (1000 g) CM;34;39,1
Al Fakher Gum (50 g) CM;1,9;2,2
Al Fakher Ivory Gold (100 g) CM;6,5;7,5
Al Fakher Lemon (50 g) CM;1,9;2,2
Al Fakher Lemon-Mint (50 g) CM;1,9;2,2
Al Fakher Licorice (50 g) CM;1,9;2,2
Al Fakher Magic Love (1000 g) CM;34;39,1
Al Fakher Magic Love (200 g) CM;9,95;11,45
Al Fakher Magic Love Crafted Mixes (900 g) CM;29,95;34,45
Al Fakher Majestic Aurora (100 g) CM;6,5;7,5
Al Fakher Master Edition Flower Pop (200 g) CM;7,95;9,15
Al Fakher Master Edition Jazzy Summer (200 g) CM;7,95;9,15
Al Fakher Master Edition Summer Mix (200 g) CM;7,95;9,15
Al Fakher Melon (50 g) CM;1,9;2,2
Al Fakher Mint with Cream (50 g) CM;1,9;2,2
Al Fakher Mojito (50 g) CM;1,9;2,2
Al Fakher Nº (-18) (1000 g) CM;38;43,7
Al Fakher Nº (-18) (250 g) CM;10,5;12,1
Al Fakher Nº (-18) (50 g) CM;2,3;2,65
Al Fakher Nº (-25) (1000 g) CM;38;43,7
Al Fakher Nº (-25) (250 g) CM;10,5;12,1
Al Fakher Nº (-25) (50 g) CM;2,3;2,65
Al Fakher Nº (-9) (1000 g) CM;38;43,7
Al Fakher Nº (-9) (250 g) CM;10,5;12,1
Al Fakher Nº (-9) (50 g) CM;2,3;2,65
Al Fakher Nº 11 (1000 g) CM;32;36,8
Al Fakher Nº 11 (250 g) CM;9;10,35
Al Fakher Nº 18 (1000 g) CM;32;36,8
Al Fakher Nº 18 (250 g) CM;9;10,35
Al Fakher Nº 18 (50 g) CM;1,9;2,2
Al Fakher Nº 19 (1000 g) CM;32;36,8
Al Fakher Nº 19 (250 g) CM;9;10,35
Al Fakher Nº 19 (50 g) CM;1,9;2,2
Al Fakher nº 20 (250 g) CM;9;10,35
Al Fakher Nº 21 (250 g) CM;9;10,35
Al Fakher Nº 21 (50 g) CM;1,9;2,2
Al Fakher Nº 22 (250 g) CM;9;10,35
Al Fakher Nº 23 (250 g) CM;9;10,35
Al Fakher Nº 24 (1000 g) CM;32;36,8
Al Fakher Nº 24 (250 g) CM;9;10,35
Al Fakher Nº 24 (50 g) CM;1,9;2,2
Al Fakher Nº 25 (250 g) CM;9;10,35
Al Fakher Nº 27 (250 g) CM;9;10,35
Al Fakher Nº 28 (250 g) CM;9;10,35
Al Fakher Nº 28 (50 g) CM;1,9;2,2
Al Fakher Nº 30 (250 g) CM;9;10,35
Al Fakher Nº 31 (1000 g) CM;32;36,8
Al Fakher Nº 31 (250 g) CM;9;10,35
Al Fakher Nº 31 (50 g) CM;1,9;2,2
Al Fakher Nº 32 (250 g) CM;9;10,35
Al Fakher Nº 32 (50 g) CM;1,9;2,2
Al Fakher Nº 33 (250 g) CM;9;10,35
Al Fakher Nº 34 (250 g) CM;9;10,35
Al Fakher Nº 34 (50 g) CM;1,9;2,2
Al Fakher Nº 37 (1000 g) CM;32;36,8
Al Fakher Nº 37 (250 g) CM;9;10,35
Al Fakher Nº 37 (50 g) CM;1,9;2,2
Al Fakher Nº 38 (1000 g) CM;32;36,8
Al Fakher Nº 38 (250 g) CM;9;10,35
Al Fakher Nº 39 (250 g) CM;9;10,35
Al Fakher Nº 40 (250 g) CM;9;10,35
Al Fakher Nº 42 (250 g) CM;9;10,35
Al Fakher Nº 44 (250 g) CM;9;10,35
Al Fakher Nº 44 (50 g) CM;1,9;2,2
Al Fakher Nº 5 (250 g) CM;9;10,35
Al Fakher Nº 50 (250 g) CM;9;10,35
Al Fakher Nº 52 (250 g) CM;9;10,35
Al Fakher Nº 59 (250 g) CM;9;10,35
Al Fakher Nº 59 (50 g) CM;1,9;2,2
Al Fakher Nº 6 (250 g) CM;9;10,35
Al Fakher Nº 61 (250 g) CM;9;10,35
Al Fakher Nº 63 (250 g) CM;9;10,35
Al Fakher Nº 63 (50 g) CM;1,9;2,2
Al Fakher Nº 64 (250 g) CM;9;10,35
Al Fakher Nº 64 (50 g) CM;1,9;2,2
Al Fakher Nº 66 (250 g) CM;9;10,35
Al Fakher Nº 66 (50 g) CM;1,9;2,2
Al Fakher Nº 68 (250 g) CM;9;10,35
Al Fakher Nº 68 (50 g) CM;1,9;2,2
Al Fakher Nº 69 (250 g) CM;9;10,35
Al Fakher Nº 7 (1000 g) CM;32;36,8
Al Fakher Nº 7 (250 g) CM;9;10,35
Al Fakher Nº 70 (250 g) CM;9;10,35
Al Fakher nº 71 (250 g) CM;9;10,35
Al Fakher nº 71 (50 g) CM;1,9;2,2
Al Fakher Nº 73 (250 g) CM;9;10,35
Al Fakher Nº 73 (50 g) CM;1,9;2,2
Al Fakher Nº 76 (1000 g) CM;32;36,8
Al Fakher Nº 76 (250 g) CM;9;10,35
Al Fakher Nº 76 (50 g) CM;1,9;2,2
Al Fakher Nº 77 (1000 g) CM;32;36,8
Al Fakher Nº 77 (250 g) CM;9;10,35
Al Fakher Nº 8 (250 g) CM;9;10,35
Al Fakher nº 80 (250 g) CM;9;10,35
Al Fakher Nº 88 (250 g) CM;9;10,35
Al Fakher Nº 88 (50 g) CM;1,9;2,2
Al Fakher Nº 9 (1000 g) CM;32;36,8
Al Fakher Nº 9 (250 g) CM;9;10,35
Al Fakher Orange (50 g) CM;1,9;2,2
Al Fakher Orange-Mint (50 g) CM;1,9;2,2
Al Fakher Polar Freeze (100 g) CM;6,5;7,5
Al Fakher Special Edition Banana Montana (250 g) CM;16,5;19
Al Fakher Special Edition Hookah Matata (250 g) CM;16,5;19
Al Fakher Special Edition Hot Ice (250 g) CM;16,5;19
Al Fakher Special Edition Mango Madness (250 g) CM;16,5;19
Al Fakher Special Edition Paradise (250 g) CM;16,5;19
Al Fakher Special Edition Rich Creme (250 g) CM;16,5;19
Al Fakher Special Edition Strawberry Island (250 g) CM;16,5;19
Al Fakher Special Edition Tangerine Twist (250 g) CM;16,5;19
Al Fakher Special Edition Virgin Grape (250 g) CM;16,5;19
Al Fakher Special Edition Watermelon Splash (250 g) CM;16,5;19
Al Fakher Strawberry (50 g) CM;1,9;2,2
Al Fakher The Double Crunch (1000 g) CM;38;43,7
Al Fakher The Double Crunch (50 g) CM;2,2;2,55
Al Fakher The Double Crunch (5000 g) CM;195;224,25
Al Fakher Watermelon (50 g) CM;1,9;2,2
Al Fakher Watermelon-Mint (50 g) CM;1,9;2,2
Al Fakher Wicked Emerald (100 g) CM;6,5;7,5
Al Fakher Yellow (200 g) CM;9,95;11,45
Al Fakher Yellow (250 g) CM;10,5;12,1
Al Fakher Yellow (50 g) CM;1,9;2,2
Al Sultan Molasses 2 Apple And Cardamon Flavour (50 g) CM;1,3;1,5
Al Sultan Molasses 2 Apples (250 g) CM;6,5;7,5
Al Sultan Molasses 2 Apples Flavour  Bote (250 g) CM;4,5;5,2
Al Sultan Molasses 2 Apples Flavour (50 g) CM;1,3;1,5
Al Sultan Molasses 2 Apples Flavour 1 Kg (1000 g) CM;25;28,75
Al Sultan Molasses 5 Apples (250 g) CM;6,5;7,5
Al Sultan Molasses 5 Apples Flavour (50 g) CM;1,3;1,5
Al Sultan Molasses 5 Apples Flavour 1 Kg (1000 g) CM;25;28,75
Al Sultan Molasses 5 Apples Flavour Bote (250 g) CM;4,5;5,2
Al Sultan Molasses Banana and Milk Flavour (250 g) CM;6,5;7,5
Al Sultan Molasses Banana and Milk Flavour (50 g) CM;1,3;1,5
Al Sultan Molasses Banana and Milk Flavour Bote (250 g) CM;4,5;5,2
Al Sultan Molasses Black Grape Flavour (50 g) CM;1,3;1,5
Al Sultan Molasses Black Grape Flavour Bote (250 g) CM;4,5;5,2
Al Sultan Molasses Blackberry Flavour (50 g) CM;1,3;1,5
Al Sultan Molasses Cappuccino (250 g) CM;6,5;7,5
Al Sultan Molasses Cappuccino Flavour (50 g) CM;1,3;1,5
Al Sultan Molasses Cappuccino Flavour Bote (250 g) CM;4,5;5,2
Al Sultan Molasses Cherry (250 g) CM;6,5;7,5
Al Sultan Molasses Cherry Flavour (50 g) CM;1,3;1,5
Al Sultan Molasses Cherry Flavour Bote (250 g) CM;4,5;5,2
Al Sultan Molasses Chocolate (250 g) CM;6,5;7,5
Al Sultan Molasses Chocolate Flavour (50 g) CM;1,3;1,5
Al Sultan Molasses Chocolate Flavour Bote (250 g) CM;4,5;5,2
Al Sultan Molasses Cocktail (250 g) CM;6,5;7,5
Al Sultan Molasses Cocktail Flavour (50 g) CM;1,3;1,5
Al Sultan Molasses Cocktail Flavour Bote (250 g) CM;4,5;5,2
Al Sultan Molasses Cola (250 g) CM;6,5;7,5
Al Sultan Molasses Cola Flavour (50 g) CM;1,3;1,5
Al Sultan Molasses Cola Flavour 1 Kg (1000 g) CM;25;28,75
Al Sultan Molasses Cola Flavour Bote (250 g) CM;4,5;5,2
Al Sultan Molasses Energy Drink Flavour (50 g) CM;1,3;1,5
Al Sultan Molasses Grape (250 g) CM;6,5;7,5
Al Sultan Molasses Grape and Mint Flavour (50 g) CM;1,3;1,5
Al Sultan Molasses Grape Flavour (50 g) CM;1,3;1,5
Al Sultan Molasses Grape Flavour 1 Kg (1000 g) CM;25;28,75
Al Sultan Molasses Grape Flavour Bote (250 g) CM;4,5;5,2
Al Sultan Molasses Green Apple Flavour (50 g) CM;1,3;1,5
Al Sultan Molasses Gum And Mint Flavour (50 g) CM;1,5;1,7
Al Sultan Molasses Gum Flavour (250 g) CM;6,5;7,5
Al Sultan Molasses Gum Flavour (50 g) CM;1,5;1,7
Al Sultan Molasses Gum Flavour Bote (250 g) CM;4,5;5,2
Al Sultan Molasses Gum&Mint Flavour 1 Kg (1000 g) CM;25;28,75
Al Sultan Molasses Honey (250 g) CM;6,5;7,5
Al Sultan Molasses Honey Flavour (50 g) CM;1,3;1,5
Al Sultan Molasses Honey Flavour Bote (250 g) CM;4,5;5,2
Al Sultan Molasses Kiwi Flavour (250 g) CM;6,5;7,5
Al Sultan Molasses Kiwi Flavour (50 g) CM;1,3;1,5
Al Sultan Molasses Kiwi Flavour Bote (250 g) CM;4,5;5,2
Al Sultan Molasses Lemon Flavour (250 g) CM;6,5;7,5
Al Sultan Molasses Lemon Flavour (50 g) CM;1,3;1,5
Al Sultan Molasses Lemon Flavour 1 Kg (1000 g) CM;25;28,75
Al Sultan Molasses Lemon Flavour Bote (250 g) CM;4,5;5,2
Al Sultan Molasses Licorice Flavour (250 g) CM;6,5;7,5
Al Sultan Molasses Licorice Flavour (50 g) CM;1,3;1,5
Al Sultan Molasses Licorice Flavour Bote (250 g) CM;4,5;5,2
Al Sultan Molasses Mango Flavour (250 g) CM;6,5;7,5
Al Sultan Molasses Mango Flavour (50 g) CM;1,3;1,5
Al Sultan Molasses Mango Flavour Bote (250 g) CM;4,5;5,2
Al Sultan Molasses Melon (250 g) CM;6,5;7,5
Al Sultan Molasses Melon Flavour (50 g) CM;1,3;1,5
Al Sultan Molasses Melon Flavour Bote (250 g) CM;4,5;5,2
Al Sultan Molasses Mint (250 g) CM;6,5;7,5
Al Sultan Molasses Mint Flavour (50 g) CM;1,5;1,7
Al Sultan Molasses Mint Flavour 1 Kg (1000 g) CM;25;28,75
Al Sultan Molasses Mint Flavour Bote (250 g) CM;4,5;5,2
Al Sultan Molasses Nº 1 (50 g) CM;1,3;1,5
Al Sultan Molasses Nº 10 (50 g) CM;1,3;1,5
Al Sultan Molasses Nº 12 (50 g) CM;1,3;1,5
Al Sultan Molasses Nº 14 (50 g) CM;1,3;1,5
Al Sultan Molasses Nº 15 (50 g) CM;1,3;1,5
Al Sultan Molasses Nº 19 (50 g) CM;1,3;1,5
Al Sultan Molasses Nº 22 (50 g) CM;1,3;1,5
Al Sultan Molasses Nº 24 (50 g) CM;1,3;1,5
Al Sultan Molasses Nº 27 (50 g) CM;1,3;1,5
Al Sultan Molasses Nº 3 (50 g) CM;1,3;1,5
Al Sultan Molasses Nº 32 (50 g) CM;1,3;1,5
Al Sultan Molasses Nº 34 (50 g) CM;1,3;1,5
Al Sultan Molasses Nº 37 (50 g) CM;1,3;1,5
Al Sultan Molasses Nº 41 (50 g) CM;1,3;1,5
Al Sultan Molasses Nº 43 (50 g) CM;1,3;1,5
Al Sultan Molasses Nº 45 (50 g) CM;1,3;1,5
Al Sultan Molasses Nº 46 (50 g) CM;1,3;1,5
Al Sultan Molasses Nº 49 (50 g) CM;1,3;1,5
Al Sultan Molasses Nº 52 (50 g) CM;1,3;1,5
Al Sultan Molasses Nº 53 (50 g) CM;1,3;1,5
Al Sultan Molasses Nº 55 (50 g) CM;1,3;1,5
Al Sultan Molasses Nº 56 (50 g) CM;1,3;1,5
Al Sultan Molasses Nº 57 (250g) CM;8;9,2
Al Sultan Molasses Nº 57 (50 g) CM;1,3;1,5
Al Sultan Molasses Nº 59 (50 g) CM;1,3;1,5
Al Sultan Molasses Nº 6 (50 g) CM;1,3;1,5
Al Sultan Molasses Nº 61 (50 g) CM;1,3;1,5
Al Sultan Molasses Nº 63 (50 g) CM;1,3;1,5
Al Sultan Molasses Nº 66 (50 g) CM;1,3;1,5
Al Sultan Molasses Nº 67 (50 g) CM;1,3;1,5
Al Sultan Molasses Nº 70 (50 g) CM;1,3;1,5
Al Sultan Molasses Nº 71 (50 g) CM;1,3;1,5
Al Sultan Molasses Nº 76 (50 g) CM;1,3;1,5
Al Sultan Molasses Nº 78 (50 g) CM;1,3;1,5
Al Sultan Molasses Nº 8 (50 g) CM;1,3;1,5
Al Sultan Molasses Nº 81 (50 g) CM;1,3;1,5
Al Sultan Molasses Nº 83 (50 g) CM;1,3;1,5
Al Sultan Molasses Nº 84 (50 g) CM;1,3;1,5
Al Sultan Molasses Orange (250 g) CM;6,5;7,5
Al Sultan Molasses Orange Flavour (50 g)  CM;1,3;1,5
Al Sultan Molasses Orange Flavour Bote (250 g)  CM;4,5;5,2
Al Sultan Molasses Passion Flavour (250 g) CM;6,5;7,5
Al Sultan Molasses Passión Flavour (50 g) CM;1,3;1,5
Al Sultan Molasses Passión Flavour Bote (250 g) CM;4,5;5,2
Al Sultan Molasses Peach (250 g) CM;6,5;7,5
Al Sultan Molasses Peach Flavour  Bote (250 g) CM;4,5;5,2
Al Sultan Molasses Peach Flavour (50 g) CM;1,3;1,5
Al Sultan Molasses Rasperry Flavour (50 g) CM;1,3;1,5
Al Sultan Molasses Rose Flavour (250 g) CM;6,5;7,5
Al Sultan Molasses Rose Flavour (50 g) CM;1,3;1,5
Al Sultan Molasses Rose Flavour Bote (250 g) CM;4,5;5,2
Al Sultan Molasses Strawberry (250 g) CM;6,5;7,5
Al Sultan Molasses Strawberry Flavour (50 g) CM;1,3;1,5
Al Sultan Molasses Strawberry Flavour Bote (250 g) CM;4,5;5,2
Al Sultan Molasses Vanilla Flavour (250 g) CM;6,5;7,5
Al Sultan Molasses Vanilla Flavour (50 g) CM;1,3;1,5
Al Sultan Molasses Vanilla Flavour Bote (250 g) CM;4,5;5,2
Al Sultan Molasses Water Melon Flavour (250 g) CM;6,5;7,5
Al Sultan Molasses Water Melon Flavour (50 g) CM;1,3;1,5
Al Sultan Molasses Water Melon Flavour Bote (250 g) CM;4,5;5,2
Al Sultan Molasses Watermelon and Mint Flavour (50 g) CM;1,3;1,5
Al Waha Ali Baba (200 g) CM;8,4;9,65
Al Waha Ali Baba (50 g) CM;2,1;2,4
Al Waha Kaktus Jack (200 g) CM;8,4;9,65
Al Waha Kaktus Jack (50 g) CM;2,1;2,4
Al Waha Ringle Rangle (200 g) CM;8,4;9,65
Al Waha Ringle Rangle (50 g) CM;2,1;2,4
Almassiva 4B (200 g) CM;12,3;14,15
Almassiva 4B (50 g) CM;3,2;3,7
Almassiva Black Lebanese (50 g) CM;3,2;3,7
Almassiva Blaulicht (200 g) CM;12,3;14,15
Almassiva Blaulicht (50 g) CM;3,2;3,7
Almassiva Sommer In Beirut (50 g) CM;3,2;3,7
Almassiva The Big M (50 g) CM;3,2;3,7
Aloha American (100 g) CM;5,7;6,55
Aloha American (200 g) CM;10,75;12,35
Aloha American (50 g) CM;2,45;2,8
Aloha Atlantic (100 g) CM;5,7;6,55
Aloha Atlantic (200 g) CM;10,75;12,35
Aloha Atlantic (50 g) CM;2,95;3,4
Aloha Double Up (100 g) CM;5,7;6,55
Aloha Double Up (200 g) CM;10,75;12,35
Aloha Double Up (50 g) CM;2,95;3,4
Aloha Los Locos (100 g) CM;5,7;6,55
Aloha Los Locos (200 g) CM;10,75;12,35
Aloha Los Locos (50 g) CM;2,45;2,8
Aloha Maverick (100 g) CM;5,7;6,55
Aloha Maverick (200 g) CM;10,75;12,35
Aloha Maverick (50 g) CM;2,45;2,8
Aloha Nazaré (100 g) CM;5,7;6,55
Aloha Nazaré (200 g) CM;10,75;12,35
Aloha Nazaré (50 g) CM;2,95;3,4
Aloha Pacific (100 g) CM;5,7;6,55
Aloha Pacific (200 g) CM;10,75;12,35
Aloha Pacific (50 g) CM;2,45;2,8
Aloha Shaka Shaka (50 g) CM;2,95;3,4
Aloha Shaka-Shaka (100 g) CM;5,7;6,55
Aloha Shaka-Shaka (200 g) CM;10,75;12,35
Aloha Somo (100 g) CM;5,7;6,55
Aloha Somo (200 g) CM;10,75;12,35
Aloha Somo (50 g) CM;2,95;3,4
Aloha Sparrow (100 g) CM;5,7;6,55
Aloha Sparrow (200 g) CM;10,75;12,35
Aloha Sparrow (50 g) CM;2,95;3,4
Aloha Splash (100 g) CM;5,7;6,55
Aloha Splash (200 g) CM;10,75;12,35
Aloha Splash (50 g) CM;2,45;2,8
Aloha T.Riko (100 g) CM;5,7;6,55
Aloha T.Riko (200 g) CM;10,75;12,35
Aloha T.Riko (50 g) CM;2,95;3,4
Alsbo Black (50 g) CM;7,4;8,5
Alsbo Gold (50 g) CM;7,4;8,5
Alsbo Ruby (50 g) CM;7,3;8,4
Alsbo Sungold (50 g) CM;7,1;8,15
Al-Waha  Fresh Pea (50 g) CM;2,1;2,4
Al-Waha 66 (200 g) CM;8,4;9,65
Al-Waha 66 (50 g) CM;2,1;2,4
Al-Waha Amor (200 g) CM;8,4;9,65
Al-Waha Amor (50 g) CM;2,1;2,4
Al-Waha Big Boy (200 g) CM;13,35;15,35
Al-Waha Big Boy (50 g) CM;3,35;3,85
Al-Waha Blue Lion (200 g) CM;13,35;15,35
Al-Waha Blue Lion (50 g) CM;3,35;3,85
Al-Waha Blue Van Cre (200 g) CM;8,4;9,65
Al-Waha Blue Van Crea (50 g) CM;2,1;2,4
Al-Waha Casper (200 g) CM;13,35;15,35
Al-Waha Casper (50 g) CM;3,35;3,85
Al-Waha Dirty Thirty (200 g) CM;8,4;9,65
Al-Waha Dirty Thirty (50 g) CM;2,1;2,4
Al-Waha Dólar (200 g) CM;8,4;9,65
Al-Waha Dólar (50 g) CM;2,1;2,4
Al-Waha Fck 66 (200 g) CM;8,4;9,65
Al-Waha Fck 66 (50 g) CM;2,1;2,4
Al-Waha Fresh Bon (200 g) CM;8,4;9,65
Al-Waha Fresh Bon (50 g) CM;2,1;2,4
Al-Waha Fresh GM (200 g) CM;8,4;9,65
Al-Waha Fresh GM (50 g) CM;2,1;2,4
Al-Waha Fresh Loco (200 g) CM;8,4;9,65
Al-Waha Fresh Loco (50 g) CM;2,1;2,4
Al-Waha Fresh Mang Tang (200 g) CM;8,4;9,65
Al-Waha Fresh Mang Tang (50 g) CM;2,1;2,4
Al-Waha Fresh Mara  (50 g) CM;2,1;2,4
Al-Waha Fresh Mary (200 g) CM;8,4;9,65
Al-Waha Fresh Pea (200 g) CM;8,4;9,65
Al-Waha Freshy Cherr (200 g) CM;8,4;9,65
Al-Waha Freshy Cherr (50 g) CM;2,1;2,4
Al-Waha Friday 13 (200 g) CM;8,4;9,65
Al-Waha Friday 13 (50 g) CM;2,1;2,4
Al-Waha Funky Fresh (200 g) CM;8,4;9,65
Al-Waha Funky Fresh (50 g) CM;2,1;2,4
Al-Waha Grap Min (200 g) CM;8,4;9,65
Al-Waha Grap Min (50 g) CM;2,1;2,4
Al-Waha Gumba (200 g) CM;8,4;9,65
Al-Waha Gumba (50 g) CM;2,1;2,4
Al-Waha Hot´n Cold (200 g) CM;8,4;9,65
Al-Waha Hot'n Cold (50 g) CM;2,1;2,4
Al-Waha Lazourdi (200 g) CM;8,4;9,65
Al-Waha Lazourdi (50 g) CM;2,1;2,4
Al-Waha Lem Min (200 g) CM;8,4;9,65
Al-Waha Lem Min (50 g) CM;2,1;2,4
Al-Waha Libella Swing (200 g) CM;8,4;9,65
Al-Waha Libella Swing (50 g) CM;2,1;2,4
Al-Waha Libuma (200 g) CM;8,4;9,65
Al-Waha Libuma (50 g) CM;2,1;2,4
Al-Waha Mang Lem Ned (200 g) CM;8,4;9,65
Al-Waha Mang Lem Ned (50 g) CM;2,1;2,4
Al-Waha Masala (200 g) CM;13,35;15,35
Al-Waha Masala (50 g) CM;3,35;3,85
Al-Waha Min Fusion (200 g) CM;8,4;9,65
Al-Waha Min Fusion (50 g) CM;2,1;2,4
Al-Waha Panana Van (200 g) CM;13,35;15,35
Al-Waha Panana Van (50 g) CM;3,35;3,85
Al-Waha Paradisio (200 g) CM;8,4;9,65
Al-Waha Paradisio (50 g) CM;2,1;2,4
Al-Waha Pikchu (200 g) CM;8,4;9,65
Al-Waha Pikchu (50 g) CM;2,1;2,4
Al-Waha Pussy Wagon (200 g) CM;8,4;9,65
Al-Waha Pussy Wagon (50 g) CM;2,1;2,4
Al-Waha Rosito (200 g) CM;8,4;9,65
Al-Waha Rosito (50 g) CM;2,1;2,4
Al-Waha Sakura (200 g) CM;8,4;9,65
Al-Waha Sakura (50 g) CM;2,1;2,4
Al-Waha Sodala (200 g) CM;8,4;9,65
Al-Waha Sodala (50 g) CM;2,1;2,4
Al-Waha Sweet Africa (200 g) CM;8,4;9,65
Al-Waha Sweet Africa (50 g) CM;2,1;2,4
Al-Waha Tornado (200 g) CM;13,35;15,35
Al-Waha Tornado (50 g) CM;3,35;3,85
Al-Waha Trex (200 g) CM;8,4;9,65
Al-Waha Trex (50 g) CM;2,1;2,4
Al-Waha Two App (200 g) CM;8,4;9,65
Al-Waha Two App (50 g) CM;2,1;2,4
Al-Waha Veneto (200 g) CM;8,4;9,65
Al-Waha Veneto (50 g) CM;2,1;2,4
Al-Waha Zero Gravity (200 g) CM;8,4;9,65
Al-Waha Zero Gravity (50 g) CM;2,1;2,4
Amphora Full Aromatic (50 g) CM;2,75;3,15
Apocalypse Odin (40 g) CM;2,4;2,75
Apocalypse Wonka (40 g) CM;2,4;2,75
Apocalypse Wonka (50 g) CM;2,7;3,1
Apocalypse Yakuza (40 g) CM;2,4;2,75
Apocalypse Yakuza (50 g) CM;2,7;3,1
AQM Babbel (50 g) CM;2,1;2,4
AQM Black Box (50 g) CM;2,2;2,55
AQM Black&White (50 g) CM;2,1;2,4
AQM Fanex (50 g) CM;2,2;2,55
AQM Golden Anna (50 g) CM;2,2;2,55
AQM Green Leo (50 g) CM;2,2;2,55
AQM Kamasutra (50 g) CM;2,2;2,55
AQM Purple Teeny (50 g) CM;2,1;2,4
AQM Red Balls (50 g) CM;2,2;2,55
AQM Red Fall (50 g) CM;2,2;2,55
AQM Violet Dream (50 g) CM;2,1;2,4
AQM Zero (50 g) CM;2,2;2,55
Arábica Molasses 2 Apples Flavour (200 g) CM;4,5;5,2
Arábica Molasses 2 Apples Flavour (50 g) CM;1,2;1,4
Arábica Molasses 5 Apples Flavour (200 g) CM;4,5;5,2
Arábica Molasses 5 Apples Flavour (50 g) CM;1,2;1,4
Arábica Molasses Banana & Milk Flavour (200 g) CM;4,5;5,2
Arábica Molasses Banana & Milk Flavour (50 g) CM;1,2;1,4
Arábica Molasses Cherry Flavour (200 g) CM;4,5;5,2
Arábica Molasses Cherry Flavour (50 g) CM;1,2;1,4
Arábica Molasses Chocolate Flavour (200 g) CM;4,5;5,2
Arábica Molasses Chocolate Flavour (50 g) CM;1,2;1,4
Arábica Molasses Cola Flavour (200 g) CM;4,5;5,2
Arábica Molasses Cola Flavour (50 g) CM;1,2;1,4
Arábica Molasses Grape Flavour (200 g) CM;4,5;5,2
Arábica Molasses Gum Flavour (200 g) CM;4,5;5,2
Arábica Molasses Gum Flavour (50 g) CM;1,2;1,4
Arábica Molasses Kiwi Flavour (50 g) CM;1,2;1,4
Arábica Molasses Lemon Flavour (200 g) CM;4,5;5,2
Arábica Molasses Lemon Flavour (50 g) CM;1,2;1,4
Arábica Molasses Licuorice Flavour (50 g) CM;1,2;1,4
Arábica Molasses Melon Flavour (50 g) CM;1,2;1,4
Arábica Molasses Mint Flavour (200 g) CM;4,5;5,2
Arábica Molasses Mint Flavour (50 g) CM;1,2;1,4
Arábica Molasses Mix Fruit Flavour (200 g) CM;4,5;5,2
Arábica Molasses Mix Fruit Flavour (50 g) CM;1,2;1,4
Arábica Molasses Orange Flavour (200 g) CM;4,5;5,2
Arábica Molasses Orange Flavour (50 g) CM;1,2;1,4
Arábica Molasses Peach Flavour (200 g) CM;4,5;5,2
Arábica Molasses Peach Flavour (50 g) CM;1,2;1,4
Arábica Molasses Strawberry Flavour (200 g) CM;4,5;5,2
Arábica Molasses Strawberry Flavour (50 g) CM;1,2;1,4
Arábica Molasses Watermelon Flavour (200 g) CM;4,5;5,2
Arábica Molasses Watermelon Flavour (50 g) CM;1,2;1,4
Big Ben (25 g) CM;1,6;1,85
Big Ben Classic Green (150 g) CM;9,6;11,05
Big Ben Classic Green (25 g) CM;1,6;1,85
Big Ben Classic Mixture (100 g) CM;5,9;6,8
Big Chief Pipe Tobacco Special Indian Cut (80 g) CM;3;3,45
Big Chief Pure Pipe (30 g) CM;1,4;1,6
Blue Horse Alhambra (50 g) CM;2,2;2,55
Blue Horse Amsterdam Lights (50 g) CM;2,1;2,4
Blue Horse Baku Nights (50 g) CM;2,2;2,55
Blue Horse Beirut Al Araq (50 g) CM;2,2;2,55
Blue Horse Discovery (50 g) CM;2,2;2,55
Blue Horse Istanblue (50 g) CM;2,2;2,55
Blue Horse La Beirut (50 g) CM;2,2;2,55
Blue Horse London Fog (50 g) CM;2,1;2,4
Blue Horse Mi Amor (1000 g) CM;33;37,95
Blue Horse Mi Amor (200 g) CM;8;9,2
Blue Horse Mi Amor (50 g) CM;2,2;2,55
Blue Horse Mi Amor (990 g) CM;31,95;36,75
Blue Horse Moscow Evenings (1000 g) CM;31,95;36,75
Blue Horse Moskow Evenings (50 g) CM;2,2;2,55
Blue Horse No Woman No Cry (50 g) CM;2,2;2,55
Blue Horse Paris Romantique (50 g) CM;2,1;2,4
Blue Horse Rio Kiss (50 g) CM;2,1;2,4
Blue Horse Sputnik (50 g) CM;2,1;2,4
Blue Horse Strangers in the Night (50 g) CM;2,1;2,4
Blue Horse The Coldest Green (200 g) CM;8;9,2
Blue Horse The Coldest Green (50 g) CM;2,2;2,55
Blue Horse The Perfect Storm (50 g) CM;2,1;2,4
Blue Horse Thor´s Flash (50 g) CM;2,2;2,55
Blue Horse Tokyo Desire (50 g) CM;2,2;2,55
Blue Horse Venezia Serenata (50 g) CM;2,2;2,55
Blue Horse Wind Of Amazon (50 g) CM;2,2;2,55
Borkum Riff Black (50 g) CM;7,6;8,75
Borkum Riff Bronze (50 g) CM;7,1;8,15
Borkum Riff Champagne (50 g) CM;4,95;5,7
Borkum Riff Copper (50 g) CM;7,6;8,75
Borkum Riff Edición Limitada 2012 (100 g) CM;8,7;10
Borkum Riff Edición Limitada 2013 (100 g) CM;8,7;10
Borkum Riff Malt Bronze (200 g) CM;22,1;25,4
Borkum Riff Orange (50 g) CM;7,4;8,5
Borkum Riff Original (50 g) CM;7,2;8,3
Borkum Riff Ruby (50 g) CM;7,3;8,4
Borkum Riff Scandinavian Mixture (50 g)  CM;4,75;5,45
Borkum Riff Special Mixture Nº 8 (50 g) CM;4,7;5,4
Borkum Riff Sungold (50 g) CM;7,5;8,6
Brookfield (50 g) CM;3,2;3,7
Brookfield Black Bourbon (50 g) CM;3,2;3,7
Cannibal Beast (45 g) CM;2,6;3
Cannibal Bloody (45 g) CM;2,6;3
Cannibal Bloody (60 g) CM;3,5;4
Cannibal Blue Moon (45 g) CM;2,6;3
Cannibal Blue Moon (60 g) CM;3,5;4
Cannibal Brute (45 g) CM;2,6;3
Cannibal Brute (50 g) CM;2,5;2,9
Cannibal Brute (60 g) CM;3,5;4
Cannibal Bubble (45 g) CM;2,6;3
Cannibal Clown (45 g) CM;2,6;3
Cannibal Clown (60 g) CM;3,5;4
Cannibal Cold Blood (180 g) CM;9,75;11,2
Cannibal Cold Blood (45 g) CM;2,6;3
Cannibal Cold Blood (50 g) CM;2,5;2,9
Cannibal Crazy (45 g) CM;2,6;3
Cannibal Crazy (60 g) CM;3,5;4
Cannibal Dark Blood (180 g) CM;9,75;11,2
Cannibal Dark Blood (45 g) CM;2,6;3
Cannibal Dark Blood (50 g) CM;2,5;2,9
Cannibal Dark Blood (60 g) CM;3,5;4
Cannibal Great (180 g) CM;9,75;11,2
Cannibal Great (60 g) CM;3,5;4
Cannibal Heartless (45 g) CM;2,6;3
Cannibal Lion (180 g) CM;9,75;11,2
Cannibal Lion (45 g) CM;2,6;3
Cannibal Lion (50 g) CM;2,5;2,9
Cannibal Mybro (180 g) CM;9,75;11,2
Cannibal Mybro (50 g) CM;2,5;2,9
Cannibal Philigrana (180 g) CM;9,75;11,2
Cannibal Philigrana (50 g) CM;2,5;2,9
Cannibal Ripping (180 g) CM;9,75;11,2
Cannibal Ripping (60 g) CM;3,5;4
Cannibal Scary (50 g) CM;2,5;2,9
Cannibal Scary (60 g) CM;3,5;4
Cannibal Shadow (60 g) CM;3,5;4
Cannibal Special Christmas (50 g) CM;2,5;2,9
Cannibal Sweet Bite (45 g) CM;2,6;3
Cannibal The Killer (50 g) CM;2,5;2,9
Cannibal Tigrish (180 g) CM;9,75;11,2
Cannibal Tigrish (45g) CM;2,6;3
Cannibal Tigrish (50 g) CM;2,5;2,9
Cannibal Tigrish (60 g) CM;3,5;4
Cannibal Uh Mamy (180 g) CM;9,75;11,2
Cannibal Uh Mamy (50 g) CM;2,5;2,9
Cannibal White Panther (180 g) CM;9,75;11,2
Cannibal White Panther (45 g) CM;2,6;3
Cannibal White Panther (50 g) CM;2,5;2,9
Cannibal Wild (60 g) CM;3,5;4
Capstan Gold Navy Cut (50 g) CM;5,5;6,3
Capstan Original Navy Cut (50 g) CM;5,5;6,3
Chaos Baby Noah (50 g) CM;1,75;2
Chaos El Patron (50 g) CM;1,75;2
Chaos Elektra (50 g) CM;1,75;2
Chaos Iceman (50 g) CM;1,75;2
Chaos Mangana (50 g) CM;1,75;2
Chaos Memento (50 g) CM;1,75;2
Chaos Mr. Roboto (50 g) CM;1,75;2
Chaos Passionata (50 g) CM;1,75;2
Chaos Policeman (50 g) CM;1,75;2
Clan (50 g) CM;7,4;8,5
Clan Blue (50 g) CM;7,6;8,75
Clan Highland Gold (50 g) CM;3,95;4,55
Clan Hollandia (40 g) CM;4,9;5,65
Cleopatra Molasses Amaretto (250 g) CM;3;3,45
Cleopatra Molasses Amaretto (50 g) CM;0,9;1,05
Cleopatra Molasses Apple (250 g) CM;3;3,45
Cleopatra Molasses Apple (50 g) CM;0,9;1,05
Cleopatra Molasses Café (250 g) CM;3;3,45
Cleopatra Molasses Cherry (250 g) CM;3;3,45
Cleopatra Molasses Cherry (50 g) CM;0,9;1,05
Cleopatra Molasses Chocolate (250 g) CM;3;3,45
Cleopatra Molasses Chocolate (50 g) CM;0,9;1,05
Cleopatra Molasses Chocolate With Mint (250 g) CM;3;3,45
Cleopatra Molasses Chocolate With Mint (50 g) CM;0,9;1,05
Cleopatra Molasses Coconut (250 g) CM;3;3,45
Cleopatra Molasses Coconut (50 g) CM;0,9;1,05
Cleopatra Molasses Fruits (250 g) CM;3;3,45
Cleopatra Molasses Fruits (50 g) CM;0,9;1,05
Cleopatra Molasses Grapes (250 g) CM;3;3,45
Cleopatra Molasses Grapes (50 g) CM;0,9;1,05
Cleopatra Molasses Mango (250 g) CM;3;3,45
Cleopatra Molasses Mango (50 g) CM;0,9;1,05
Cleopatra Molasses Mint (250 g) CM;3;3,45
Cleopatra Molasses Mint (50 g) CM;0,9;1,05
Cleopatra Molasses Peach (250 g) CM;3;3,45
Cleopatra Molasses Peach (50 g) CM;0,9;1,05
Cleopatra Molasses Strawberry (250 g) CM;3;3,45
Cleopatra Molasses Strawberry (50 g) CM;0,9;1,05
Cleopatra Molasses Sweet Melon (250 g) CM;3;3,45
Cleopatra Molasses Sweet Melon (50 g) CM;0,9;1,05
Cleopatra Molasses Water Melon (250 g) CM;3;3,45
Cleopatra Molasses Water Melon (50 g) CM;0,9;1,05
Cleopatra Molasses Watermelon With Mint (250 g) CM;3;3,45
Cleopatra Molasses Watermelon With Mint (50 g) CM;0,9;1,05
Colts Blue (70 g) CM;5,6;6,45
Colts Dutch Blend (40 g) CM;3,1;3,55
Colts Original (70 g) CM;5,6;6,45
Colts Red (100 g) CM;7,6;8,75
Colts Red (20 g) CM;1,6;1,85
Colts Yellow (40 g) CM;3,1;3,55
Danske Club Black Luxury (50 g) CM;7,8;8,95
Darkside B Monster Base (30 g) CM;3,15;3,6
Darkside Barvy O Base (30 g) CM;3,15;3,6
Darkside Blackery Base (30 g) CM;3,15;3,6
Darkside Bnpapa Base (30 g) CM;3,15;3,6
Darkside Darkside Hola Base (30 g) CM;3,15;3,6
Darkside Falling Star Base (30 g) CM;3,15;3,6
Darkside Generis Rsp Base (30 g) CM;3,15;3,6
Darkside I Granny Base (30 g) CM;3,15;3,6
Darkside Kalee Grap Base (30 g) CM;3,15;3,6
Darkside Lm Blast Base (30 g) CM;3,15;3,6
Darkside Mg Assi Base (30 g) CM;3,15;3,6
Darkside Skyline Base (30 g) CM;3,15;3,6
Darkside Space Ichi Base (30 g) CM;3,15;3,6
Darkside Supernova Base (30 g) CM;3,15;3,6
Darkside Tear Base (30 g) CM;3,15;3,6
Davidoff Scottish Mixture (50g) CM;13,12;15,1
Del Mar North Blue (20 g) CM;1,2;1,4
Del Mar South Red (20 g) CM;1,2;1,4
Dozaj 90+ (50 g) CM;2,7;3,1
Dozaj Amnesia (200 g) CM;9,9;11,4
Dozaj Amnesia (50 g) CM;2,7;3,1
Dozaj Black ¡Joe Que Frio! (50 g) CM;3,1;3,55
Dozaj Black Berga (50 g) CM;3,1;3,55
Dozaj Black Blast (50 g) CM;3,1;3,55
Dozaj Black Booster (50 g) CM;3,1;3,55
Dozaj Black Chester (50 g) CM;3,1;3,55
Dozaj Black Cia (50 g) CM;3,1;3,55
Dozaj Black Code (50 g) CM;3,1;3,55
Dozaj Black Double Manza (50 g) CM;3,1;3,55
Dozaj Black Explosion (50 g) CM;3,1;3,55
Dozaj Black Infiniti (50 g) CM;3,1;3,55
Dozaj Black Max (50 g) CM;3,1;3,55
Dozaj Black Paradox (50 g) CM;3,1;3,55
Dozaj Black Prime (50 g) CM;3,1;3,55
Dozaj Black R-Gasm (50 g) CM;3,1;3,55
Dozaj Black S.O.S. (50 g) CM;3,1;3,55
Dozaj Black Star (50 g) CM;2,4;2,75
Dozaj Black Suka (50 g) CM;3,1;3,55
Dozaj Black Terry Miss You (50 g) CM;3,1;3,55
Dozaj Black Vampiro (50 g) CM;3,1;3,55
Dozaj Blade (50 g) CM;2,7;3,1
Dozaj Buf (50 g) CM;2,7;3,1
Dozaj Bumbum (200g) CM;9,9;11,4
Dozaj Bumbum (50 g) CM;2,7;3,1
Dozaj Bumbum (950 g) CM;41,9;48,2
Dozaj Carnival (200 g) CM;9,9;11,4
Dozaj Carnival (50 g) CM;2,7;3,1
Dozaj Carnival (950 g) CM;41,9;48,2
Dozaj Casablanca (200 g) CM;9,9;11,4
Dozaj Casablanca (50 g) CM;2,7;3,1
Dozaj Chef (50 g) CM;2,7;3,1
Dozaj Cuba Dream (50 g) CM;2,7;3,1
Dozaj Dead Sea (200 g) CM;9,9;11,4
Dozaj Dead Sea (50 g) CM;2,7;3,1
Dozaj Eternal (200 g) CM;9,9;11,4
Dozaj Eternal (50 g) CM;2,7;3,1
Dozaj Euphoria (200 g) CM;9,9;11,4
Dozaj Euphoria (50 g) CM;2,7;3,1
Dozaj Euphoria (950 g) CM;41,9;48,2
Dozaj Excalibur (50 g) CM;2,7;3,1
Dozaj Filomena (200 g) CM;9,9;11,4
Dozaj Filomena (50 g) CM;2,7;3,1
Dozaj Huracan (200 g) CM;9,9;11,4
Dozaj Huracan (50 g) CM;2,7;3,1
Dozaj Huracan (950 g) CM;41,9;48,2
Dozaj Invisible (200 g) CM;9,9;11,4
Dozaj Invisible (50 g) CM;2,7;3,1
Dozaj Jelly Bear (50 g) CM;2,7;3,1
Dozaj Krasava (200 g) CM;9,9;11,4
Dozaj Krasava (50 g) CM;2,7;3,1
Dozaj Lambada (200 g) CM;9,9;11,4
Dozaj Lambada (50 g) CM;2,7;3,1
Dozaj Land of Fire (50 g) CM;2,7;3,1
Dozaj Lava (50 g) CM;2,7;3,1
Dozaj Lio (200 g) CM;9,9;11,4
Dozaj Lio (50 g) CM;2,7;3,1
Dozaj Lio (950 g) CM;41,9;48,2
Dozaj Marshall (50 g) CM;2,7;3,1
Dozaj Mito (200 g) CM;9,9;11,4
Dozaj Mito (50 g) CM;2,7;3,1
Dozaj Old School (200 g) CM;9,9;11,4
Dozaj Old School (50 g) CM;2,7;3,1
Dozaj Orko (200 g) CM;9,9;11,4
Dozaj Orko (50 g) CM;2,7;3,1
Dozaj Purple (200 g) CM;9,9;11,4
Dozaj Purple (50 g) CM;2,7;3,1
Dozaj R.I.P. Nairobi (200 g) CM;9,9;11,4
Dozaj R.I.P. Nairobi (50 g) CM;2,7;3,1
Dozaj Rio Lady (50 g) CM;2,7;3,1
Dozaj Royal Style (200 g) CM;9,9;11,4
Dozaj Royal Style (50 g) CM;2,7;3,1
Dozaj Solo (200 g) CM;9,9;11,4
Dozaj Solo (50 g) CM;2,7;3,1
Dozaj Solo (950 g) CM;41,9;48,2
Dozaj Sweet Night (50 g) CM;2,7;3,1
Dozaj Timeless (50 g) CM;2,7;3,1
Dozaj Tokyo (200 g) CM;9,9;11,4
Dozaj Tokyo (50 g) CM;2,7;3,1
Dozaj Tokyo (950 g) CM;41,9;48,2
Dozaj Touch (50 g) CM;2,7;3,1
Dozaj Uff (200g) CM;9,9;11,4
Dozaj Uff (50 g) CM;2,7;3,1
Dozaj Uff (950 g) CM;41,9;48,2
Dozaj Utopia (50 g) CM;2,7;3,1
Dozaj Vip 44 (50 g) CM;2,7;3,1
Drugoy Smoke B Chill (50 g) CM;3,5;4
Drugoy Smoke Bigway (50 g) CM;3,5;4
Drugoy Smoke Blue Mix (50 g) CM;3,5;4
Drugoy Smoke B-Nuts (50 g) CM;3,5;4
Drugoy Smoke Exolove (50 g) CM;3,5;4
Drugoy Smoke Fundango (50 g) CM;3,5;4
Drugoy Smoke Icy Kiss (50 g) CM;3,5;4
Drugoy Smoke Kiss With Love (50 g) CM;3,5;4
Drugoy Smoke Pink Mix (50 g) CM;3,5;4
Drugoy Smoke Red Party (50 g) CM;3,5;4
Drugoy Smoke Sub Zero (50 g) CM;3,5;4
Drugoy Smoke XY Beach (50 g) CM;3,5;4
Drugoy Smoke Yellow Mix (50 g) CM;3,5;4
Drugoy Smoke Zitricola (50 g) CM;3,5;4
Elixyr Ice Pipe (120 g) CM;7,3;8,4
Elixyr Maxx Pipe (140 g) CM;8,3;9,55
Elixyr Maxx Pipe (20 g) CM;1,25;1,45
Erasmus  Amsterdam (50 g) CM;2,5;2,9
Erasmus  Athenas (50 g) CM;2,5;2,9
Erasmus  Berlin (50 g) CM;2,5;2,9
Erasmus  Bruselas (50 g) CM;2,5;2,9
Erasmus  Helsinki (50 g) CM;2,5;2,9
Erasmus  London (50 g) CM;2,5;2,9
Erasmus  Paris (50 g) CM;2,5;2,9
Erasmus  Roma (50 g) CM;2,5;2,9
Erasmus Engagement (50 g) CM;2,5;2,9
Erasmus Hashtag (50 g) CM;2,5;2,9
Erasmus Inbound (50 g) CM;2,5;2,9
Erasmus Influencer (50 g) CM;2,5;2,9
Erasmus Klout (50 g) CM;2,5;2,9
Erasmus Millennial (50 g) CM;2,5;2,9
Erasmus Photobomb (50 g) CM;2,5;2,9
Erasmus Timeline (50 g) CM;2,5;2,9
Erinmore Flake Lata (50 g) CM;10,55;12,15
Erinmore Mixture Lata (50 g) CM;9,6;11,05
Eternal Smoke Danish Goodies (50 g) CM;2,1;2,4
Eternal Smoke Delightful Kiss (50 g) CM;2,1;2,4
Eternal Smoke Lush Lit (50 g) CM;2,1;2,4
Eternal Smoke Passion Lit (50 g) CM;2,1;2,4
Eternal Smoke Red Lips (50 g) CM;2,1;2,4
Eternal Smoke Wild Lit (50 g) CM;2,1;2,4
Forever Gold Black After (200 g) CM;12,5;14,4
Forever Gold Black American Gangster (200 g) CM;12,5;14,4
Forever Gold Black Little Ghost (200 g) CM;12,5;14,4
Forever Gold Black Pinkman (200 g) CM;12,5;14,4
Forever Gold Border (200 g) CM;12;13,8
Forever Gold Border (50 g) CM;3,5;4
Forever Gold Border Edición Limitada (50 g) CM;3,5;4
Forever Gold Budapest With Love (200 g) CM;12;13,8
Forever Gold Budapest With Love (50 g) CM;3,5;4
Forever Gold Dragon Daddy (200 g) CM;12;13,8
Forever Gold Dragon Daddy (50 g) CM;3,5;4
Forever Gold Escape Room (200 g) CM;12;13,8
Forever Gold Escape Room (50 g) CM;3,5;4
Forever Gold Freak (200 g) CM;12;13,8
Forever Gold Freak (50 g) CM;3,5;4
Forever Gold Heaven (200 g) CM;12;13,8
Forever Gold Heaven (50 g) CM;3,5;4
Forever Gold Monkey (200 g) CM;12;13,8
Forever Gold Monkey (50 g) CM;3,5;4
Forever Gold Monkey Edición Limitada (50 g) CM;3,5;4
Forever Gold Oh La Lá Edición Limitada (50 g) CM;3,5;4
Forever Gold Piggy BBQ Bangkok (200 g) CM;12;13,8
Forever Gold Piggy BBQ Bangkok (50 g) CM;3,5;4
Forever Gold Secret History (200 g) CM;12;13,8
Forever Gold Secret History (50 g) CM;3,5;4
Forever Gold Space (200 g) CM;12;13,8
Forever Gold Space (50 g) CM;3,5;4
Forever Gold Storm Jazz Music (200 g) CM;14,5;16,7
Forever Gold Storm Jazz Music (50 g) CM;3,75;4,3
Forever Gold Storm Jess Pirate (200 g) CM;14,5;16,7
Forever Gold Storm Jess Pirate (50 g) CM;3,75;4,3
Forever Gold Storm Pinkman (200 g) CM;14,5;16,7
Forever Gold Storm Pinkman (50 g) CM;3,75;4,3
Forever Gold Storm The Cave (200 g) CM;14,5;16,7
Forever Gold Storm The Cave (50 g) CM;3,75;4,3
Forever Gold Timothy (200 g) CM;12;13,8
Forever Gold Timothy (50 g) CM;3,5;4
Forever Secret History Edición Limitada (50 g) CM;3,5;4
Half & Half (50 g) CM;7,4;8,5
Hampton (20 g) CM;1,3;1,5
Hampton (30 g) CM;2;2,3
Hampton Pipe Green (12 g) CM;1;1,15
Hampton Pipe Negro (100 g) CM;7,2;8,3
Hampton Pipe's Tobacco (60 g) CM;4,2;4,85
Hampton Pure Pipe (12 g) CM;1;1,15
Haze Banarama (200 g) CM;11,5;13,2
Haze Banarama (50 g) CM;3,35;3,85
Haze Chaitastic (200 g) CM;11,5;13,2
Haze Chaitastic (50 g) CM;3,35;3,85
Haze Cotton Clouds (200 g) CM;11,5;13,2
Haze Cotton Clouds (50 g) CM;3,35;3,85
Haze Double Bubble (200 g) CM;11,5;13,2
Haze Double Bubble (50 g) CM;3,35;3,85
Haze Frozz Lakes (200 g) CM;11,5;13,2
Haze Frozz Lakes (50 g) CM;3,35;3,85
Haze Line It Up (200 g) CM;11,5;13,2
Haze Line It Up (50 g) CM;3,35;3,85
Haze Nice Dreams (200 g) CM;11,5;13,2
Haze Nice Dreams (50 g) CM;3,35;3,85
Haze Oh Boy Explosion (200 g) CM;11,5;13,2
Haze Oh Boy Explosion (50 g) CM;3,35;3,85
Haze Ohh Chata (200 g) CM;11,5;13,2
Haze Ohh Chata (50 g) CM;3,35;3,85
Haze Pacoca (200 g) CM;11,5;13,2
Haze Pacoca (50 g) CM;3,35;3,85
Haze Pine Krush (200 g) CM;11,5;13,2
Haze Pine Krush (50 g) CM;3,35;3,85
Haze Pump King Pleasure (200 g) CM;11,5;13,2
Haze Pump King Pleasure (50 g) CM;3,35;3,85
Haze Purple Krush (200 g) CM;11,5;13,2
Haze Purple Krush (50 g) CM;3,35;3,85
Haze Qcumberita (200 g) CM;11,5;13,2
Haze Qcumberita (50 g) CM;3,35;3,85
Haze Sinful (200 g) CM;11,5;13,2
Haze Sinful (50 g) CM;3,35;3,85
Haze Squeeze Yellow (200 g) CM;11,5;13,2
Haze Squeeze Yellow (50 g) CM;3,35;3,85
Haze Subzero (200 g) CM;11,5;13,2
Haze Subzero (50 g) CM;3,35;3,85
Haze Wam (200 g) CM;11,5;13,2
Haze Wam (50 g) CM;3,35;3,85
Hookain American Pei (50 g) CM;3,6;4,15
Hookain Angry Dragon (200 g) CM;12,5;14,4
Hookain Angry Dragon (50 g) CM;3,6;4,15
Hookain Angry Green Dragon (200 g) CM;12,5;14,4
Hookain Angry Green Dragon (50 g) CM;3,6;4,15
Hookain Angry Piç Dragon (200 g) CM;12,5;14,4
Hookain Angry Piç Dragon (50 g) CM;3,6;4,15
Hookain Angry Red Dragon (200 g) CM;12,5;14,4
Hookain Angry Red Dragon (50 g) CM;3,6;4,15
Hookain Bär Lean (50 g) CM;3,2;3,7
Hookain Big Black Barries (200 g) CM;12,5;14,4
Hookain Big Black Barries (50 g) CM;3,6;4,15
Hookain Blaze Baba Gamma (50 g) CM;3,85;4,45
Hookain Blaze Batluva (50 g) CM;3,85;4,45
Hookain Blaze Koka Koala (50 g) CM;3,85;4,45
Hookain Blaze Lym Hype (50 g) CM;3,85;4,45
Hookain Blaze Nana (50 g) CM;3,85;4,45
Hookain Blaze White Heaven (50 g) CM;3,85;4,45
Hookain Blowtus (200 g) CM;12,5;14,4
Hookain Blowtus (50 g) CM;3,6;4,15
Hookain Bubblenciaga (200 g) CM;12,5;14,4
Hookain Bubblenciaga (50 g) CM;3,6;4,15
Hookain C C C (200 g) CM;12,5;14,4
Hookain Cactopus (50 g) CM;3,6;4,15
Hookain Cheri Zkittlez (50 g) CM;3,6;4,15
Hookain Code in Love (50 g) CM;3,6;4,15
Hookain Cotton Cndy Craem (50 g) CM;3,6;4,15
Hookain Dubai Stachio (200 g) CM;12,5;14,4
Hookain Dubai Stachio (50 g) CM;3,6;4,15
Hookain Eyez Kalt (50 g) CM;3,6;4,15
Hookain Fellatio (200 g) CM;12,3;14,15
Hookain Fellatio (50 g) CM;3,6;4,15
Hookain Fyl Big Toy (200 g) CM;12,5;14,4
Hookain Fyl Big Toy (50 g) CM;3,6;4,15
Hookain Fyl Cactuz CNDY (200 g) CM;12,5;14,4
Hookain Fyl Cactuz Cndy (50 g) CM;3,6;4,15
Hookain Fyl Clitrus (200 g) CM;12,5;14,4
Hookain Fyl Clitrus (50 g) CM;3,6;4,15
Hookain Fyl Über (200 g) CM;12,5;14,4
Hookain Fyl Über (50 g) CM;3,6;4,15
Hookain Green Crack (50 g) CM;3,6;4,15
Hookain Green Lean (200 g) CM;12,5;14,4
Hookain Green Lean (50 g) CM;3,6;4,15
Hookain Hijo de Prut (50 g) CM;3,6;4,15
Hookain Jizzy Pia (50 g) CM;3,6;4,15
Hookain Kaffa Yayo (200 g) CM;12,5;14,4
Hookain Kaffa Yayo (50 g) CM;3,6;4,15
Hookain Kaffa Yayo (950 g) CM;52;59,8
Hookain Kivy King (50 g) CM;3,6;4,15
Hookain Kw King (200 g) CM;12,5;14,4
Hookain Laoz (200 g) CM;12,5;14,4
Hookain Laoz (50 g) CM;3,6;4,15
Hookain Lemenciaga (200 g) CM;12,5;14,4
Hookain Lemenciaga (50 g) CM;3,6;4,15
Hookain Lemenciaga (950 g) CM;52;59,8
Hookain Mega Loco (50 g) CM;3,6;4,15
Hookain Millionair (50 g) CM;3,6;4,15
Hookain Original Vanta Zotic (50 g) CM;3,6;4,15
Hookain Orog!na (50 g) CM;3,2;3,7
Hookain Pa Ya Mongo (50 g) CM;3,2;3,7
Hookain Pic Zkittlez (50 g) CM;3,2;3,7
Hookain Pink Lemenciaga (200 g) CM;12,3;14,15
Hookain Pink Lemenciaga (50 g) CM;3,6;4,15
Hookain Punani (50 g) CM;3,6;4,15
Hookain Sm!nt (50 g) CM;3,6;4,15
Hookain Soleiro Spliff (50 g) CM;3,6;4,15
Hookain Spiced Lean (50 g) CM;3,2;3,7
Hookain Swii Ti (50 g) CM;3,6;4,15
Hookain Vantanaz (200 g) CM;12,3;14,15
Hookain Vantanaz (50 g) CM;3,2;3,7
Hookain Virgin Batluva (50 g) CM;3,6;4,15
Hookain White (200 g) CM;12,5;14,4
Hookain White (50 g) CM;3,6;4,15
Hookain White (950 g) CM;52;59,8
Hookain White Brown (200 g) CM;12,5;14,4
Hookain White Brown (50 g) CM;3,6;4,15
Hookain White Caek Alman (200 g) CM;12,5;14,4
Hookain White Caek Alman (50 g) CM;3,6;4,15
Hookain X-Treme Blue Bay (50 g) CM;3,6;4,15
Hookain Zenter Schox (50 g) CM;3,6;4,15
Indian Summer (50 g) CM;7,3;8,4
Kentucky Bird (50 g) CM;6,5;7,5
Kooliche (200 g) CM;8,95;10,3
Layalina 1001 Nights (50 g) CM;2,65;3,05
Layalina Apple Mania (50 g) CM;2,65;3,05
Layalina Blackberry(50 g) CM;2,65;3,05
Layalina Blueberry Melon (50 g) CM;2,65;3,05
Layalina Cherry Cola (50 g) CM;2,65;3,05
Layalina Double Apple (50 g) CM;2,65;3,05
Layalina Florida (50 g) CM;2,65;3,05
Layalina Grape (50 g) CM;2,65;3,05
Layalina Gum (50 g) CM;2,65;3,05
Layalina Gum Cinnamon (50 g) CM;2,65;3,05
Layalina Kiwi Strawberry (50 g) CM;2,65;3,05
Layalina Lemon Mint (50 g) CM;2,65;3,05
Layalina Mango (50 g) CM;2,65;3,05
Layalina Mint (50 g) CM;2,65;3,05
Layalina Ocean Heaven (50 g) CM;2,65;3,05
Layalina Passion Melon (50 g) CM;2,65;3,05
Layalina Peach (50 g) CM;2,65;3,05
Layalina Raspberry Lemon (50 g) CM;2,65;3,05
Layalina Strawberry (50 g) CM;2,65;3,05
Layalina Watermelon (50 g) CM;2,65;3,05
Mac Baren Cherry Choice (40 g) CM;3,75;4,3
Mac Baren Classic Loose Cut (50 g) CM;3,75;4,3
Mac Baren Golden Ambrosia (50 g) CM;3,75;4,3
Mac Baren Mixture (50 g) CM;3,75;4,3
Mac Baren Mixture Moderm (50 g) CM;3,75;4,3
Mac Baren Original Choice (40 g) CM;3,75;4,3
Mac Baren Red Ambrosia (50 g) CM;3,75;4,3
Mammut Blu Smoke (50 g) CM;2,15;2,45
Mammut Green Smoke (50 g) CM;2,15;2,45
Mammut Ocher Smoke (50 g) CM;2,15;2,45
Mammut Pink Smoke (50 g) CM;2,15;2,45
Mammut Red Smoke (50 g) CM;2,15;2,45
Mammut Yelow Smoke (50 g) CM;2,15;2,45
Mayflower (50 g) CM;3,6;4,15
Mazaya French Tobacco Molasses Bahraini App (200 g) CM;6;6,9
Mazaya French Tobacco Molasses Blu Aloha (50 g) CM;1,5;1,7
Mazaya French Tobacco Molasses Blu Sun (50 g) CM;1,5;1,7
Mazaya French Tobacco Molasses Blueberry & Mint (50 g) CM;1,5;1,7
Mazaya French Tobacco Molasses Blueberry & Orange (50 g) CM;1,5;1,7
Mazaya French Tobacco Molasses Blueberry Exotica (50 g) CM;1,5;1,7
Mazaya French Tobacco Molasses Cherry (50 g) CM;1,5;1,7
Mazaya French Tobacco Molasses Electric Dream (50 g) CM;1,5;1,7
Mazaya French Tobacco Molasses Exotic Blu (200 g) CM;6;6,9
Mazaya French Tobacco Molasses Exotic Bunch (50 g) CM;1,5;1,7
Mazaya French Tobacco Molasses Fuzzy Bang (50 g) CM;1,5;1,7
Mazaya French Tobacco Molasses Fuzzy BreeZ (50 g) CM;1,5;1,7
Mazaya French Tobacco Molasses Fuzzy Swirl (50 g) CM;1,5;1,7
Mazaya French Tobacco Molasses Grape & Berry (50 g) CM;1,5;1,7
Mazaya French Tobacco Molasses Lemon & Mint (50 g) CM;1,5;1,7
Mazaya French Tobacco Molasses LOLzy (50 g) CM;1,5;1,7
Mazaya French Tobacco Molasses Melon (50 g) CM;1,5;1,7
Mazaya French Tobacco Molasses Mint (1000 g) CM;26;29,9
Mazaya French Tobacco Molasses Mint (50 g) CM;1,5;1,7
Mazaya French Tobacco Molasses Mixed Berry (50 g) CM;1,5;1,7
Mazaya French Tobacco Molasses Mojito (50 g) CM;1,5;1,7
Mazaya French Tobacco Molasses Mystic Slice (50 g) CM;1,5;1,7
Mazaya French Tobacco Molasses Orange (50 g) CM;1,5;1,7
Mazaya French Tobacco Molasses Pineapple & Mint  (50 g) CM;1,5;1,7
Mazaya French Tobacco Molasses Pure BreeZ (200 g) CM;6;6,9
Mazaya French Tobacco Molasses Rainblow (50 g) CM;1,5;1,7
Mazaya French Tobacco Molasses Ruby Rush (50 g) CM;1,5;1,7
Mazaya French Tobacco Molasses Two Apple (50 g) CM;1,5;1,7
Mazaya French Tobacco Molasses Watermelon (50 g) CM;1,5;1,7
Moe's Blue Beast (50 g) CM;3,2;3,7
Moe's Pink King (50 g) CM;3,2;3,7
Mr. Shisha 1000K (200 g) CM;9,8;11,25
Mr. Shisha 1000K (50 g) CM;2,7;3,1
Mr. Shisha Adan (100 g) CM;4,8;5,5
Mr. Shisha Adan (50 g) CM;2,7;3,1
Mr. Shisha Babilonia (200 g) CM;9,8;11,25
Mr. Shisha Babilonia (50 g) CM;2,7;3,1
Mr. Shisha Boss Mode (100 g) CM;4,8;5,5
Mr. Shisha Boss Mode (50 g) CM;2,7;3,1
Mr. Shisha Camdown (200 g) CM;9,8;11,25
Mr. Shisha Camdown (50 g) CM;2,7;3,1
Mr. Shisha Coolio (200 g) CM;9,8;11,25
Mr. Shisha Coolio (50 g) CM;2,7;3,1
Mr. Shisha Ginja Laim (200 g) CM;9,8;11,25
Mr. Shisha Ginja Laim (50 g) CM;2,7;3,1
Mr. Shisha Got Dozen (100 g) CM;4,8;5,5
Mr. Shisha Got Dozen (50 g) CM;2,7;3,1
Mr. Shisha Guayna (200 g) CM;9,8;11,25
Mr. Shisha Guayna (50 g) CM;2,7;3,1
Mr. Shisha Habana (50 g) CM;2,7;3,1
Mr. Shisha Habibi (200 g) CM;9,8;11,25
Mr. Shisha Habibi (50 g) CM;2,7;3,1
Mr. Shisha Harlem Frap (200 g) CM;9,8;11,25
Mr. Shisha Harlem Frap (50 g) CM;2,7;3,1
Mr. Shisha Haselnat (200 g) CM;9,8;11,25
Mr. Shisha Haselnat (50 g) CM;2,7;3,1
Mr. Shisha Jheez (200 g) CM;9,8;11,25
Mr. Shisha Jheez (50 g) CM;2,7;3,1
Mr. Shisha Late Night (100 g) CM;4,8;5,5
Mr. Shisha Late Night (200 g) CM;9,8;11,25
Mr. Shisha Late Night (50 g) CM;2,7;3,1
Mr. Shisha Malibu (100 g) CM;4,8;5,5
Mr. Shisha Malibu (50 g) CM;2,7;3,1
Mr. Shisha Melo Crush (200 g) CM;9,8;11,25
Mr. Shisha Melo Crush (50 g) CM;2,7;3,1
Mr. Shisha Oriental Desert (100 g) CM;4,8;5,5
Mr. Shisha Oriental Desert (50 g) CM;2,7;3,1
Mr. Shisha Otai (200 g) CM;9,8;11,25
Mr. Shisha Otai (50 g) CM;2,7;3,1
Mr. Shisha Passion Love (100 g) CM;4,8;5,5
Mr. Shisha Passion Love (200 g) CM;9,8;11,25
Mr. Shisha Passion Love (50 g) CM;2,7;3,1
Mr. Shisha Pomaye (200 g) CM;9,8;11,25
Mr. Shisha Pomaye (50 g) CM;2,7;3,1
Mr. Shisha Rock N Roll (100 g) CM;4,8;5,5
Mr. Shisha Rock N Roll (50 g) CM;2,7;3,1
Mr. Shisha Scattman (200 g) CM;9,8;11,25
Mr. Shisha Scattman (50 g) CM;2,7;3,1
Mr. Shisha Sosiomen (200 g) CM;9,8;11,25
Mr. Shisha Sosiomen (50 g) CM;2,7;3,1
Mr. Shisha Summer Sunset (100 g) CM;4,8;5,5
Mr. Shisha Summer Sunset (200 g) CM;9,8;11,25
Mr. Shisha Summer Sunset (50 g) CM;2,7;3,1
Mr. Shisha Tropical (100 g) CM;4,8;5,5
Mr. Shisha Tropical (50 g) CM;2,7;3,1
Nakhla Classic Yellow (50 g) CM;1,5;1,7
Nakhla Coral Red (50 g) CM;1,5;1,7
Nakhla Crystal Classic Yellow (50 g) CM;1,5;1,7
Nakhla Crystal Duet Red (50 g) CM;1,5;1,7
Nakhla Crystal Pastel Red (50 g) CM;1,5;1,7
Nakhla Dark Green (50 g) CM;1,95;2,25
Nakhla Double Red (250 g) CM;9,95;11,45
Nakhla Double Red (50 g) CM;2,2;2,55
Nakhla El Basha Capuchino (50 g) CM;1,4;1,6
Nakhla El Basha Caramelo (50 g) CM;1,4;1,6
Nakhla El Nakhla Coco (50 g) CM;1,4;1,6
Nakhla El Nakhla Cola (50 g) CM;1,4;1,6
Nakhla El Nakhla Mandarina (50 g) CM;1,4;1,6
Nakhla El Nakhla Melón (50 g) CM;1,4;1,6
Nakhla El Nakhla Plátano (50 g) CM;1,4;1,6
Nakhla El Nakhla Vainilla (50 g) CM;1,4;1,6
Nakhla Fakhfakhina Mango (50 g) CM;1,4;1,6
Nakhla Fakhfakhina Naranja (50 g) CM;1,4;1,6
Nakhla Grand Green (250 g) CM;9,95;11,45
Nakhla Grand Green (50 g) CM;2,2;2,55
Nakhla Ice Apple (50 g) CM;1,75;2
Nakhla Ice Grape Mint (50 g) CM;1,4;1,6
Nakhla Ice Raspberry Mint (50 g) CM;1,75;2
Nakhla Misty Black (250 g) CM;9,95;11,45
Nakhla Misty Black (50 g) CM;2,2;2,55
Nakhla Mizo Cereza (50 g) CM;1,75;2
Nakhla Mizo Manzana (50 g) CM;1,75;2
Nakhla Mizo Melocotón (50 g) CM;1,75;2
Nakhla Mizo Menta (50 g) CM;1,75;2
Nakhla Mizo Sandia (50 g) CM;1,75;2
Nakhla Mizo Uva (50 g) CM;1,75;2
Nakhla Orange Peach (50) CM;1,75;2
Nakhla Pastel Red (50 g) CM;1,5;1,7
Nakhla Pearly Indigo (50 g) CM;1,95;2,25
Nakhla Rosy Ochre (50 g) CM;1,95;2,25
Nakhla Ruby Red (250 g) CM;8,5;9,8
Nakhla Ruby Red (50 g) CM;1,95;2,25
Nakhla Sheherazade Choco Menta (50 g) CM;1,4;1,6
Nakhla Sheherazade Margarita (50 g) CM;1,4;1,6
Nakhla Shisha on the Beach (50 g) CM;1,75;2
Nakhla Spark Green (250 g) CM;8,5;9,8
Nakhla Sparkly Red (50 g) CM;1,95;2,25
Nakhla Tobac Molasses Surt.1 (500 g) CM;14;16,1
Nakhla Tobacco Frutas (50 g) CM;1,4;1,6
Nakhla Zaghloul Negro (50 g) CM;1,4;1,6
Nameless # Black Box (200 g) CM;11,25;12,95
Nameless # Black Box (50 g) CM;3,25;3,75
Nameless # Black Box Bote (50 g) CM;3,25;3,75
Nameless #06 Dragon Lady (200g) CM;11,25;12,95
Nameless #07 Ice Ice Baby (200 g) CM;10,5;12,1
Nameless #100 Yelow Pei (200 g) CM;11,25;12,95
Nameless #100 Yelow Pei (50 g) CM;3,25;3,75
Nameless #105 Red Turtle (200 g) CM;11,25;12,95
Nameless #105 Red Turtle (50 g) CM;3,25;3,75
Nameless #105 Red Turtle Bote (50 g) CM;3,25;3,75
Nameless #107 Ice Ice Baby Bote (50 g) CM;3,25;3,75
Nameless #107 Winter is Coming (200 g) CM;11,25;12,95
Nameless #107 Winter is Coming (50 g) CM;3,25;3,75
Nameless #107 Winter is Coming Bote (50 g) CM;3,25;3,75
Nameless #109 Monkey Brain (200 g) CM;11,25;12,95
Nameless #109 Monkey Brain (50 g) CM;3,25;3,75
Nameless #109 Monkey Brain Bote (50 g) CM;3,25;3,75
Nameless #11 Adam & Eve (200 g) CM;11,25;12,95
Nameless #11 Adam & Eve (50 g) CM;3,25;3,75
Nameless #11 Adam & Eve Bote (50 g) CM;3,25;3,75
Nameless #115 Californication (200g) CM;11,25;12,95
Nameless #115 Californication (50g) CM;3,25;3,75
Nameless #115 Californication Bote (50 g) CM;3,25;3,75
Nameless #116 Pablo (200g) CM;11,25;12,95
Nameless #116 Pablo (50g) CM;3,25;3,75
Nameless #116 Pablo (995 g) CM;55,95;64,35
Nameless #116 Pablo Bote (50 g) CM;3,25;3,75
Nameless #121 Boogie Bomb (200 g) CM;11,25;12,95
Nameless #121 Boogie Bomb (50 g) CM;3,25;3,75
Nameless #121 Boogie Bomb Bote (50 g) CM;3,25;3,75
Nameless #13 Kivick (200 g) CM;11,25;12,95
Nameless #13 Kivick (50 g) CM;3,25;3,75
Nameless #15 Grüner Marokkaner (200 g) CM;11,25;12,95
Nameless #15 Grüner Marokkaner (50 g) CM;3,25;3,75
Nameless #15 Grüner Marokkaner Bote (50 g) CM;3,25;3,75
Nameless #17 Piches (200 g) CM;11,25;12,95
Nameless #17 Piches (50 g) CM;3,25;3,75
Nameless #37 Fresh Nana (200 g) CM;10,5;12,1
Nameless #37 Fresh Nana Bote (50 g) CM;3,25;3,75
Nameless #40 Black Nana (200 g) CM;11,25;12,95
Nameless #40 Black Nana (50g) CM;3,25;3,75
Nameless #40 Black Nana (955 g) CM;55,95;64,35
Nameless #40 Black Nana (995 g) CM;55,95;64,35
Nameless #40 Black Nana Bote (50 g) CM;3,25;3,75
Nameless #40 Dark Nana (200 g) CM;10,5;12,1
Nameless #43 Nevada (200g) CM;11,25;12,95
Nameless #43 Nevada Bote (50 g) CM;3,25;3,75
Nameless #43 Nevadas (50 g) CM;3,25;3,75
Nameless #45 Brasil (200g) CM;10,5;12,1
Nameless #6 Dragon Lady (50 g) CM;3,25;3,75
Nameless #711 L' Oasis (200 g) CM;11,25;12,95
Nameless #711 L' Oasis (50 g) CM;3,25;3,75
Nameless #711 L' Oasis Bote (50 g) CM;3,25;3,75
Nameless Dark Nana (200 g) CM;13;14,95
Nameless Dark Nana (50 g) CM;4,1;4,7
Nativo 100 G TPD (100 g) CM;5,15;5,9
Nativo 12 G TPD (12 g) CM;0,75;0,85
Nativo 20 G TPD (20 g) CM;1,15;1,3
Os African King (50 g) CM;3,2;3,7
Os African Queen (200 g) CM;12,3;14,15
Os African Queen (50 g) CM;3,2;3,7
Os Bonnie'n Clyde (50 g) CM;3,2;3,7
Os Disco (200 g) CM;12,3;14,15
Os Disco (50 g) CM;3,2;3,7
Os Lucifero (50 g) CM;3,2;3,7
Os Tobacco Bonnie'n Clyde (200 g) CM;12,3;14,15
Os Tobacco Casanova (50 g) CM;3,2;3,7
Os Tobacco Cosanostra (50 g) CM;3,2;3,7
Os Unknown (50 g) CM;3,2;3,7
Overdozz 1St Love (60 g) CM;2,8;3,2
Overdozz 24 Karatine (60 g) CM;2,8;3,2
Overdozz 24 Karatine Picadura Shisha Lata (200 g) CM;12,65;14,55
Overdozz 24 Karatine Picadura Shisha Lata (50 g) CM;3,45;3,95
Overdozz All Nighter (200 g) CM;12,65;14,55
Overdozz All Nighter (50 g) CM;3,45;3,95
Overdozz All Nighter (60 g) CM;2,8;3,2
Overdozz Areejan (200 g) CM;12,65;14,55
Overdozz Areejan (50 g) CM;3,45;3,95
Overdozz Areejan (60 g) CM;2,8;3,2
Overdozz Bad Habit (60 g) CM;2,8;3,2
Overdozz Bad Habit Picadura Shisha Lata (200 g) CM;12,65;14,55
Overdozz Bad Habit Picadura Shisha Lata (50 g) CM;3,45;3,95
Overdozz Banango (200 g) CM;12,65;14,55
Overdozz Banango (50 g) CM;3,45;3,95
Overdozz Banango (60 g) CM;2,8;3,2
Overdozz Crazy Ex (60 g) CM;2,8;3,2
Overdozz Crazy Ex Picadura Shisha Lata (200 g) CM;12,65;14,55
Overdozz Crazy Ex Picadura Shisha Lata (50 g) CM;3,45;3,95
Overdozz Dopomine Picadura Shisha Lata (200 g) CM;12,65;14,55
Overdozz Dopomine Picadura Shisha Lata (50 g) CM;3,45;3,95
Overdozz Double Trouble (60 g) CM;2,8;3,2
Overdozz Double Trouble Picadura Shisha Lata (200 g) CM;12,65;14,55
Overdozz Double Trouble Picadura Shisha Lata (50 g) CM;3,45;3,95
Overdozz Fresh Green (60 g) CM;2,8;3,2
Overdozz Fresh Greens Picadura Shisha Lata (200 g) CM;12,65;14,55
Overdozz Fresh Greens Picadura Shisha Lata (50 g) CM;3,45;3,95
Overdozz Go for Broke (60 g) CM;2,8;3,2
Overdozz Go For Broke Picadura Shisha Lata (200 g) CM;12,65;14,55
Overdozz Go For Broke Picadura Shisha Lata (50 g) CM;3,45;3,95
Overdozz Green Mist® (50 g) CM;3,45;3,95
Overdozz Green Mist® (60 g) CM;2,8;3,2
Overdozz Heat Wave (60 g) CM;2,8;3,2
Overdozz Heat Wave Picadura Shisha Lata (200 g) CM;12,65;14,55
Overdozz Heat Wave Picadura Shisha Lata (50 g) CM;3,45;3,95
Overdozz Ist Love (200 g) CM;12,65;14,55
Overdozz Ist Love (50 g) CM;3,45;3,95
Overdozz Judgment Day (60 g) CM;2,8;3,2
Overdozz Judgment Day Picadura Shisha Lata (200 g) CM;12,65;14,55
Overdozz Judgment Day Picadura Shisha Lata (50 g) CM;3,45;3,95
Overdozz K.O. (200 g) CM;12,65;14,55
Overdozz K.O. (50 g) CM;3,45;3,95
Overdozz Kaffeine Addikt Picadura Shisha Lata (200 g) CM;12;13,8
Overdozz Kaffeine Addikt Picadura Shisha Lata (50 g) CM;2,8;3,2
Overdozz Kesowawa (200 g) CM;12,65;14,55
Overdozz Kesowawa (50 g) CM;3,45;3,95
Overdozz Kesowawa (60 g) CM;2,8;3,2
Overdozz Kooliche (50 g) CM;3,45;3,95
Overdozz Kooliche (60 g) CM;2,8;3,2
Overdozz Love Bug (60 g) CM;2,8;3,2
Overdozz Love Bug Picadura Shisha Lata (200 g) CM;12,65;14,55
Overdozz Love Bug Picadura Shisha Lata (50 g) CM;3,45;3,95
Overdozz Lusidream (60 g) CM;2,8;3,2
Overdozz Lusidrem Picadura Shisha Lata (200 g) CM;12,65;14,55
Overdozz Lusidrem Picadura Shisha Lata (50 g) CM;3,45;3,95
Overdozz Mad Spiral (200 g) CM;12,65;14,55
Overdozz Mad Spiral (50 g) CM;3,45;3,95
Overdozz One Night Stand (60 g) CM;2,8;3,2
Overdozz One Night Stand Picadura Shisha Lata (200 g) CM;12,65;14,55
Overdozz One Night Stand Picadura Shisha Lata (50 g) CM;3,45;3,95
Overdozz Perta On The Rocks (200g) CM;12,65;14,55
Overdozz Perta On The Rocks (50g) CM;3,45;3,95
Overdozz Pombom (200 g) CM;12,65;14,55
Overdozz Pombom (50 g) CM;3,45;3,95
Overdozz Psych Out (60 g) CM;2,8;3,2
Overdozz Psych Out Picadura Shisha Lata (200 g) CM;12,65;14,55
Overdozz Psych Out Picadura Shisha Lata (50 g) CM;3,45;3,95
Overdozz Rachillo (200 g) CM;12,65;14,55
Overdozz Rachillo (50 g) CM;3,45;3,95
Overdozz Rachillo (60 g) CM;2,8;3,2
Overdozz Sex With an Ex (200 g) CM;12,65;14,55
Overdozz Sex With an Ex (50 g) CM;3,45;3,95
Overdozz Sex With an Ex (60 g) CM;2,8;3,2
Overdozz Summer Fling (60 g) CM;2,8;3,2
Overdozz Summer Fling Picadura Shisha Lata (200 g) CM;12,65;14,55
Overdozz Summer Fling Picadura Shisha Lata (50 g) CM;3,45;3,95
Overdozz Tease Um (200 g) CM;12,65;14,55
Overdozz Tease Um (50 g) CM;3,45;3,95
Overdozz Tranquilyser (200 g) CM;12,65;14,55
Overdozz Tranquilyser Picadura Shisha Lata (200 g) CM;12;13,8
Overdozz Tranquilyser Picadura Shisha Lata (50 g) CM;3,45;3,95
Overdozz Wild Night Out (60 g) CM;2,8;3,2
Overdozz Wild Night Out Picadura Shisha Lata (200 g) CM;12,65;14,55
Overdozz Wild Night Out Picadura Shisha Lata (50 g) CM;3,45;3,95
Overdozz Zero Gravity (60 g) CM;2,8;3,2
Overdozz Zero Gravity Picadura Shisha Lata (200 g) CM;12,65;14,55
Overdozz Zero Gravity Picadura Shisha Lata (50 g) CM;3,45;3,95
Peterson 1865 Mixture (100 g) CM;18,6;21,4
Peterson Connemara Black (40 g) CM;4,5;5,2
Peterson Early Morning (50 g) CM;12,1;13,9
Peterson Founder's Choice (100 g) CM;15,35;17,65
Peterson Irish Dew (40 g) CM;4,5;5,2
Peterson My Mixture 965 (50 g) CM;12,1;13,9
Peterson Nightcap (50 g) CM;12,1;13,9
Peterson Old Dublin (50 g) CM;9,9;11,4
Peterson Sherlock Holmes (50 g) CM;11,4;13,1
Peterson Standard Mixture (50 g) CM;12,1;13,9
Revoshi A-Easy (200 g) CM;9,6;11,05
Revoshi Anibal Fang (200 g) CM;9,6;11,05
Revoshi Anibal Fang (25 g) CM;1,4;1,6
Revoshi Anibal Fang (50 g) CM;2,45;2,8
Revoshi Antep Dream (200 g) CM;9,6;11,05
Revoshi Antep Dream (25 g) CM;1,4;1,6
Revoshi Antep Dream (50 g) CM;2,45;2,8
Revoshi A-Strong (200 g) CM;9,6;11,05
Revoshi A-Strong (25 g) CM;1,4;1,6
Revoshi Blackbeard Soul (200 g) CM;9,6;11,05
Revoshi Blackbeard Soul (25 g) CM;1,4;1,6
Revoshi Blackbeard Soul (50 g) CM;2,45;2,8
Revoshi Black-G (200 g) CM;9,6;11,05
Revoshi Black-G (25 g) CM;1,4;1,6
Revoshi Blck G (50 g) CM;2,45;2,8
Revoshi Blck Grp (50 g) CM;2,45;2,8
Revoshi Boricua (200g) CM;9,6;11,05
Revoshi Boricua (50g) CM;2,45;2,8
Revoshi Capitan Pinto ( 50 g) CM;2,45;2,8
Revoshi Capitan Pinto (200 g) CM;9,6;11,05
Revoshi Capitan Pinto (25 g) CM;1,4;1,6
Revoshi Carmitta (200 g) CM;9,6;11,05
Revoshi Carmitta (50 g) CM;2,45;2,8
Revoshi Chao Bella (200 g) CM;9,6;11,05
Revoshi Chao Bella (25 g) CM;1,4;1,6
Revoshi Chao Bella (50 g) CM;2,45;2,8
Revoshi Chao Bella (995 g) CM;47,9;55,1
Revoshi D'App Strng (50 g) CM;2,45;2,8
Revoshi D'App Strng (995 g) CM;30;34,5
Revoshi Darmita (200 g) CM;12,4;14,25
Revoshi Darmita (50 g) CM;3,1;3,55
Revoshi Eskimo C (50 g) CM;2,45;2,8
Revoshi Eskimo Cndy (50 g) CM;2,45;2,8
Revoshi Eskimo L (50 g) CM;2,45;2,8
Revoshi Eskimo L (995 g) CM;47,9;55,1
Revoshi Eskimo Lmn (50 g) CM;2,45;2,8
Revoshi Eskimo Loka (200 g) CM;9,6;11,05
Revoshi Eskimo Loka (25 g) CM;1,4;1,6
Revoshi Eskimo Loka (50 g) CM;2,45;2,8
Revoshi Eskimo P´app (50 g) CM;2,45;2,8
Revoshi Eskimo P'A (200 g) CM;9,6;11,05
Revoshi Eskimo Polar (200 g) CM;9,6;11,05
Revoshi Eskimo Polar (50 g) CM;2,45;2,8
Revoshi Eskimo Vtrmln (50 g) CM;2,45;2,8
Revoshi Eskimo-A (200 g) CM;9,6;11,05
Revoshi Eskimo-C (200 g) CM;9,6;11,05
Revoshi Eskimo-C (25 g) CM;1,4;1,6
Revoshi Eskimo-L (200 g) CM;9,6;11,05
Revoshi Eskimo-L (25 g) CM;1,4;1,6
Revoshi Eskimo-P'A (25 g) CM;1,4;1,6
Revoshi Eskimo-W (200g) CM;9,6;11,05
Revoshi Eskimo-W (25 g) CM;1,4;1,6
Revoshi Float Like Butterfly (200 g) CM;12,4;14,25
Revoshi Float Like Butterfly (50 g) CM;3,1;3,55
Revoshi Free Spartacus (200 g) CM;9,6;11,05
Revoshi Free Spartacus (25 g) CM;1,4;1,6
Revoshi Free Spartacus (50 g) CM;2,45;2,8
Revoshi Funny Bunny (200 g) CM;9,6;11,05
Revoshi Funny Bunny (25 g) CM;1,4;1,6
Revoshi Funny Bunny (50 g) CM;2,45;2,8
Revoshi G (200 g) CM;9,6;11,05
Revoshi G Jager (200 g) CM;9,6;11,05
Revoshi G Jager (25 g) CM;1,4;1,6
Revoshi G Jager (50 g) CM;2,45;2,8
Revoshi Ghandi Spir (200 g) CM;9,6;11,05
Revoshi GM (200 g) CM;9,6;11,05
Revoshi GM (50 g) CM;2,45;2,8
Revoshi GP (50 g) CM;2,45;2,8
Revoshi Green Jager (200 g) CM;9,6;11,05
Revoshi Green Jager (25 g) CM;1,4;1,6
Revoshi Green Jager (50 g) CM;2,45;2,8
Revoshi Grp (50 g) CM;2,45;2,8
Revoshi Grp-Mnt (50 g) CM;2,45;2,8
Revoshi Kak de la Trshkv (200 g) CM;9,6;11,05
Revoshi Kak de la Trshkv (25 g) CM;1,4;1,6
Revoshi Kak dela Trshkv (50 g) CM;2,45;2,8
Revoshi Kazak (200 g) CM;9,6;11,05
Revoshi Kazak (25 g) CM;1,4;1,6
Revoshi Kazak (50 g) CM;2,45;2,8
Revoshi L (200 g) CM;9,6;11,05
Revoshi L (50 g) CM;2,45;2,8
Revoshi Lazy Sunday (200g) CM;9,6;11,05
Revoshi Lazy Sunday (50g) CM;2,45;2,8
Revoshi Leonidas Spirit (200 g) CM;9,6;11,05
Revoshi Leonidas Spirit (25 g) CM;1,4;1,6
Revoshi Leonidas Spirit (50 g) CM;2,45;2,8
Revoshi LM (200 g) CM;9,6;11,05
Revoshi LM (50 g) CM;2,45;2,8
Revoshi Lmn (50 g) CM;2,45;2,8
Revoshi Lmn-Mnt (50 g) CM;2,45;2,8
Revoshi M (50 g) CM;2,45;2,8
Revoshi Manda (200 g) CM;9,6;11,05
Revoshi Manda (50 g) CM;2,45;2,8
Revoshi Marbella (200 g) CM;9,6;11,05
Revoshi Marbella (50 g) CM;2,45;2,8
Revoshi Mnt (50 g) CM;2,45;2,8
Revoshi Mulan Sword (200 g) CM;9,6;11,05
Revoshi Mulan Sword (25 g) CM;1,4;1,6
Revoshi Mulan Sword (50 g) CM;2,45;2,8
Revoshi Nana (200g) CM;9,6;11,05
Revoshi Nana (50g) CM;2,45;2,8
Revoshi Nana (995 g) CM;30;34,5
Revoshi O (200 g) CM;9,6;11,05
Revoshi O (50 g) CM;2,45;2,8
Revoshi Ola Zapata (200 g) CM;9,6;11,05
Revoshi Ola Zapata (25 g) CM;1,4;1,6
Revoshi Ola Zapata (50 g) CM;2,45;2,8
Revoshi OM (200 g) CM;9,6;11,05
Revoshi --OM-- (25 g) CM;1,4;1,6
Revoshi OM (50 g) CM;2,45;2,8
Revoshi Orng (50 g) CM;2,45;2,8
Revoshi Orng-Mnt (50 g) CM;2,45;2,8
Revoshi Pancho Villa (200 g) CM;9,6;11,05
Revoshi Pancho Villa (25 g) CM;1,4;1,6
Revoshi Pancho Villa (50 g) CM;2,45;2,8
Revoshi Panonino (200 g) CM;9,6;11,05
Revoshi Panonino (25 g) CM;1,4;1,6
Revoshi Panonino (50 g) CM;2,45;2,8
Revoshi Qui-Qui (200 g) CM;9,6;11,05
Revoshi Qui-Qui (50 g) CM;2,45;2,8
Revoshi Racy Colombian (200 g) CM;9,6;11,05
Revoshi Racy Colombian (25 g) CM;1,4;1,6
Revoshi Racy Colombian (50 g) CM;2,45;2,8
Revoshi Raggata (200 g) CM;9,6;11,05
Revoshi Raggata (25 g) CM;1,4;1,6
Revoshi Raggata (50 g) CM;2,45;2,8
Revoshi Ragnar (200 g) CM;9,6;11,05
Revoshi Ragnar (25 g) CM;1,4;1,6
Revoshi Ragnar (50 g) CM;2,45;2,8
Revoshi Red Sunset (200g) CM;9,6;11,05
Revoshi Red Sunset (50g) CM;2,45;2,8
Revoshi Rope a Dope (200 g) CM;12,4;14,25
Revoshi Rope a Dope (50 g) CM;3,1;3,55
Revoshi Rumble Of Jungle (200 g) CM;12,4;14,25
Revoshi Rumble Of Jungle (50 g) CM;3,1;3,55
Revoshi Sting Like Bee (200 g) CM;12,4;14,25
Revoshi Sting Like Bee (50 g) CM;3,1;3,55
Revoshi Thanks Engel (200 g) CM;9,6;11,05
Revoshi Thanks Engel (50 g) CM;2,45;2,8
Revoshi Thanks Engels (25 g) CM;1,4;1,6
Revoshi The Shuffle (200 g) CM;12,4;14,25
Revoshi The Shuffle (50 g) CM;3,1;3,55
Revoshi Thrilla in Manila (200 g) CM;12,4;14,25
Revoshi Thrilla in Manila (50 g) CM;3,1;3,55
Revoshi Txele (200 g) CM;9,6;11,05
Revoshi Txele (50 g) CM;2,45;2,8
Revoshi Vaina (200 g) CM;9,6;11,05
Revoshi Vaina (50 g) CM;2,45;2,8
Revoshi Vamos Ernesto (200 g) CM;9,6;11,05
Revoshi Vamos Ernesto (25 g) CM;1,4;1,6
Revoshi Vamos Ernesto (50 g) CM;2,45;2,8
Revoshi What's My Name? (200 g) CM;12,4;14,25
Revoshi What's My Name? (50 g) CM;3,1;3,55
Revoshi Zingy Newyork (200 g) CM;9,6;11,05
Revoshi Zingy Newyork (25 g) CM;1,4;1,6
Revoshi Zingy Newyork (50 g) CM;2,45;2,8
Serbetli Balence (50 g) CM;2,6;3
Serbetli Ehke (50 g) CM;2,6;3
Serbetli Imcesy (50 g) CM;2,6;3
Serbetli Shisha Blue Tropic (200 g) CM;8,6;9,9
Serbetli Shisha Blue Tropic (50 g) CM;2,2;2,55
Serbetli Shisha Dark Blue (50 g) CM;2,6;3
Serbetli Shisha Fei Joan (50 g) CM;2,6;3
Serbetli Shisha Fresh Mix (50 g) CM;2,6;3
Serbetli Shisha Genios Dream (50 g) CM;2,6;3
Serbetli Shisha Grapic (200 g) CM;8,6;9,9
Serbetli Shisha Grapic (50 g) CM;2,2;2,55
Serbetli Shisha Green Flash (200 g) CM;8,6;9,9
Serbetli Shisha Green Flash (50 g) CM;2,2;2,55
Serbetli Shisha Green Mix (200 g) CM;8,6;9,9
Serbetli Shisha Green Mix (50 g) CM;2,2;2,55
Serbetli Shisha Hate 69 (200 g) CM;8,6;9,9
Serbetli Shisha Hate 69 (50 g) CM;2,2;2,55
Serbetli Shisha Icbodrumm (200 g) CM;8,6;9,9
Serbetli Shisha Icbodrumm (50 g) CM;2,2;2,55
Serbetli Shisha Ice Bird (200 g) CM;8,6;9,9
Serbetli Shisha Ice Bird (50 g) CM;2,2;2,55
Serbetli Shisha Ice Pin (200 g) CM;8,6;9,9
Serbetli Shisha Ice Pin (50 g) CM;2,2;2,55
Serbetli Shisha Istanbul Nights (200 g) CM;8,6;9,9
Serbetli Shisha Istanbul Nights (50 g) CM;2,2;2,55
Serbetli Shisha Lemmer (50 g) CM;2,6;3
Serbetli Shisha Maca Roll (50 g) CM;2,6;3
Serbetli Shisha Margaritail (50 g) CM;2,6;3
Serbetli Shisha Rotana (200 g) CM;8,6;9,9
Serbetli Shisha Rotana (50 g) CM;2,2;2,55
Serbetli Shisha Sheikh (50 g) CM;2,6;3
Serbetli Shisha Stra Shark (200 g) CM;8,6;9,9
Serbetli Shisha Stra Shark (50 g) CM;2,2;2,55
Serbetli Shisha T-Ber (200 g) CM;8,6;9,9
Serbetli Shisha T-Ber (50 g) CM;2,2;2,55
Serbetli Shisha Vista Show (50 g) CM;2,6;3
Serbetli Spepinch (50 g) CM;2,6;3
Shisha Kartel Big Bagman (200 g) CM;7,2;8,3
Shisha Kartel Blood Bath (50 g) CM;1,9;2,2
Shisha Kartel Capo Dei Capi (200 g) CM;7,2;8,3
Shisha Kartel Capo Dei Capi (50 g) CM;1,9;2,2
Shisha Kartel Capo Dei Capi (950 g) CM;35;40,25
Shisha Kartel Guilty Gang (50 g) CM;1,9;2,2
Shisha Kartel Krazee Kombo (50 g) CM;1,9;2,2
Shisha Kartel Mafia Madness (50 g) CM;1,9;2,2
Shisha Kartel Plata o Plomo (50 g) CM;1,9;2,2
Shisha Kartel Sexy Sheba (200 g) CM;7,2;8,3
Shisha Kartel Sexy Sheba (50 g) CM;1,9;2,2
Shisha Kartel Sexy Sheba (950 g) CM;35;40,25
Skandinavik Mixture (50 g) CM;7,5;8,6
Skandinavik Navy (50 g) CM;7,7;8,85
Social Smoke Absolute Zero (200 g) CM;13,95;16,05
Social Smoke Absolute Zero (50 g) CM;3,75;4,3
Social Smoke C Roll (200 g) CM;13,95;16,05
Social Smoke C Roll (50 g) CM;3,75;4,3
Social Smoke CA Chill (200 g) CM;13,95;16,05
Social Smoke CA Chill (50 g) CM;3,75;4,3
Social Smoke CU Chill (200 g) CM;13,95;16,05
Social Smoke CU Chill (50 g) CM;3,75;4,3
Social Smoke D D L (200 g) CM;13,95;16,05
Social Smoke D D L (50 g) CM;3,75;4,3
Social Smoke Gumtastic (200 g) CM;13,95;16,05
Social Smoke Gumtastic (50 g) CM;3,75;4,3
Social Smoke H CTA (200 g) CM;13,95;16,05
Social Smoke H CTA (50 g) CM;3,75;4,3
Social Smoke HD M Chill (200 g) CM;13,95;16,05
Social Smoke HD M Chill (50 g) CM;3,75;4,3
Social Smoke L Chill (200 g) CM;13,95;16,05
Social Smoke L Chill (50 g) CM;3,75;4,3
Social Smoke P Chill (200 g) CM;13,95;16,05
Social Smoke P Chill (50 g) CM;3,75;4,3
Social Smoke P Chill (999 g) CM;59,9;68,9
Social Smoke PST BRZ (200 g) CM;13,95;16,05
Social Smoke PST BRZ (50 g) CM;3,75;4,3
Social Smoke Twisted (200 g) CM;13,95;16,05
Social Smoke Twisted (50 g) CM;3,75;4,3
Social Smoke White Bear (200 g) CM;13,95;16,05
Social Smoke White Bear (50 g) CM;3,75;4,3
Social Smoke WM Chill (200 g) CM;13,95;16,05
Social Smoke WM Chill (50 g) CM;3,75;4,3
Special Star de Luxe (90 g) CM;3,3;3,8
Stanwell Melange (50 g) CM;8;9,2
Stanwell Sungold (50 g) CM;8;9,2
Starbuzz Bold App Doppio (100 g) CM;7,9;9,1
Starbuzz Bold Black Ice (100 g) CM;7,9;9,1
Starbuzz Bold Black Mist (100 g) CM;7,9;9,1
Starbuzz Bold Brown Kiss (100 g) CM;7,9;9,1
Starbuzz Bold Frost Bite (100 g) CM;7,9;9,1
Starbuzz Bold G Freeze (100 g) CM;7,9;9,1
Starbuzz Bold Golden Gee (100 g) CM;7,9;9,1
Starbuzz Bold Ice Colossus (100 g) CM;7,9;9,1
Starbuzz Bold Indy White (100 g) CM;7,9;9,1
Starbuzz Bold Tropikool Mist (100 g) CM;7,9;9,1
Starbuzz Bold Tropikool (100 g) CM;7,9;9,1
Starbuzz Bold Wet Meli Freeze (100 g) CM;7,9;9,1
Starbuzz Bold White Freeze (100 g) CM;7,9;9,1
Starbuzz Bold Yellow Mist (100 g) CM;7,9;9,1
Starbuzz Classic Line Double App (50 g) CM;3,7;4,25
Starbuzz Classic Line Lmn Mnt (50 g) CM;3,7;4,25
Starbuzz Classic Line O. Mnt (50 g) CM;3,7;4,25
Starbuzz Classic Line Royal Grp (50 g) CM;3,7;4,25
Starbuzz Regular Anjou Chill (100 g) CM;7,9;9,1
Starbuzz Regular Blue Dew (100 g) CM;7,9;9,1
Starbuzz Regular Blue Gee (100 g) CM;7,9;9,1
Starbuzz Regular Cito Mist (100 g) CM;7,9;9,1
Starbuzz Regular Code 0690 (100 g) CM;7,9;9,1
Starbuzz Regular Cucu Jumbo (100 g) CM;7,9;9,1
Starbuzz Regular Double App (100 g) CM;7,9;9,1
Starbuzz Regular Green Charge (100 g) CM;7,9;9,1
Starbuzz Regular Kaktus Chill (100 g) CM;7,9;9,1
Starbuzz Regular Passionova (100 g) CM;7,9;9,1
Starbuzz Regular Pineana (100 g) CM;7,9;9,1
Starbuzz Regular Pinolada (100 g) CM;7,9;9,1
Starbuzz Regular Razzy (100 g) CM;7,9;9,1
Starbuzz Regular Royal Gee (100 g) CM;7,9;9,1
Starbuzz Regular Safari M Dew (100 g) CM;7,9;9,1
Starbuzz Regular Strawmargita (100 g) CM;7,9;9,1
Starbuzz Regular Sweet Meli (100 g) CM;7,9;9,1
Starbuzz Regular Tangi Dream (100 g) CM;7,9;9,1
Starbuzz Regular White Delight (100 g) CM;7,9;9,1
Starbuzz Regular White Nec (100 g) CM;7,9;9,1
Starbuzz Regular Wild Artic (100 g) CM;7,9;9,1
Starbuzz Regular Yellow Freeze (100 g) CM;7,9;9,1
Starbuzz Regular Yellow T (100 g) CM;7,9;9,1
Starbuzz Vintage Cheers! (80 g) CM;6,4;7,35
Starbuzz Vintage Dark Winilla (80 g) CM;6,4;7,35
Starbuzz Vintage Delhi T (80 g) CM;6,4;7,35
Starbuzz Vintage Fresh Cito (80 g) CM;6,4;7,35
Starbuzz Vintage Hunny Dew Me (80 g) CM;6,4;7,35
Starbuzz Vintage Indian App Kick ® (50 g) CM;4,15;4,75
Starbuzz Vintage Plus Alaskan Freeze® (50 g) CM;4,15;4,75
Starbuzz Vintage Plus Cheers! (50 g) CM;4,15;4,75
Starbuzz Vintage Plus Colombian Kick (50 g) CM;4,15;4,75
Starbuzz Vintage Plus Dark Caribbean (50 g) CM;4,15;4,75
Starbuzz Vintage Plus Dark Mist (50 g) CM;4,15;4,75
Starbuzz Vintage Plus Dark Valencia (50 g) CM;4,15;4,75
Starbuzz Vintage Plus Dark Winilla (50 g) CM;4,15;4,75
Starbuzz Vintage Plus Delhi T (50 g) CM;4,15;4,75
Starbuzz Vintage Plus Fresh Cito (50 g) CM;4,15;4,75
Starbuzz Vintage Plus Fuzzy Kick (50 g) CM;4,15;4,75
Starbuzz Vintage Plus Green Savior (50 g) CM;4,15;4,75
Starbuzz Vintage Plus Hunny Dew Me (50 g) CM;4,15;4,75
Starbuzz Vintage Plus Kick Me Red (50 g) CM;4,15;4,75
Starbuzz Vintage Plus La Dominikana (50 g) CM;4,15;4,75
Starbuzz Vintage Plus Morning Breeze® (50 g) CM;4,15;4,75
Starbuzz Vintage Plus Shanghai Passion (50 g) CM;4,15;4,75
Starbuzz Vintage Plus Timisue (50 g) CM;4,15;4,75
Starbuzz Vintage Plus Tokyo Kick (50 g) CM;4,15;4,75
Starbuzz Vintage Plus White Mist® (50 g) CM;4,15;4,75
Starbuzz Vintage Timisue (80 g) CM;6,4;7,35
Street Smoke Angel Face (50 g) CM;3,2;3,7
Street Smoke Artic Prince (50 g) CM;3,2;3,7
Street Smoke Barista (50 g) CM;3,2;3,7
Street Smoke Bartender (50 g) CM;3,2;3,7
Street Smoke Beach With A P (50 g) CM;3,2;3,7
Street Smoke Blue Beast (50 g) CM;3,2;3,7
Street Smoke Booty (50 g) CM;3,2;3,7
Street Smoke Bro (50 g) CM;3,2;3,7
Street Smoke Desert Dream (50 g) CM;3,2;3,7
Street Smoke Dr. Street (50 g) CM;3,2;3,7
Street Smoke Green Craze (50 g) CM;3,2;3,7
Street Smoke Gypsy Queen (50 g) CM;3,2;3,7
Street Smoke Habibo (50 g) CM;3,2;3,7
Street Smoke Lil Chill (50 g) CM;3,2;3,7
Street Smoke Machine (50 g) CM;3,2;3,7
Street Smoke MBA P (50 g) CM;3,2;3,7
Street Smoke Mic Drop (50 g) CM;3,2;3,7
Street Smoke Mr. Grumpy (50 g) CM;3,2;3,7
Street Smoke Mrs. Pink (50 g) CM;3,2;3,7
Street Smoke Namaste (50 g) CM;3,2;3,7
Street Smoke Red Charm (50 g) CM;3,2;3,7
Street Smoke Russian Roulette (50 g) CM;3,2;3,7
Street Smoke Scar (50 g) CM;3,2;3,7
Street Smoke Street Love (50 g) CM;3,2;3,7
Street Smoke Super Mama (50 g) CM;3,2;3,7
Street Smoke The Boss (50 g) CM;3,2;3,7
Street Smoke Yummy (50 g) CM;3,2;3,7
T.Radford Sunday S Fant. (50 g) CM;5,2;6
Tabacco Way - Be Happy - Golden Virginia (150 g) CM;12;13,8
Tabacco Way - Be Happy - Golden Virginia (250 g) CM;19,6;22,55
Tabacco Way - Be Happy - Golden Virginia (50 g) CM;4;4,6
Tabacco Way - Brazilian Spirit Tobacco - American Blend (150 g) - Bolsa CM;12,4;14,25
Tabacco Way - Brazilian Spirit Tobacco - American Blend (50 g) - Petaca CM;4,4;5,05
Tabacco Way - Brazilian Spirit Tobacco - Brazilian Blend (150 g) - Bolsa CM;12,4;14,25
Tabacco Way - Brazilian Spirit Tobacco - Brazilian Blend (50 g) - Petaca CM;4,4;5,05
Tabacco Way - Brazilian Spirit Tobacco - Oriental Blend (150 g) - Bolsa CM;12,4;14,25
Tabacco Way - Brazilian Spirit Tobacco - Oriental Blend (50 g) - Petaca CM;4,4;5,05
Tabacco Way - Doctor Pipe - Dark Diamond (50 g) - Lata CM;8,9;10,25
Tabacco Way - Doctor Pipe - Dark Diamond (50 g) - Petaca CM;6,2;7,15
Tabacco Way - Doctor Pipe - Dark Fired (50 g) - Lata CM;7,2;8,3
Tabacco Way - Doctor Pipe - Dark Fired (50 g) - Petaca CM;4,5;5,2
Tabacco Way - Doctor Pipe - English Blend (50 g) - Lata CM;8,9;10,25
Tabacco Way - Doctor Pipe - English Blend (50 g) - Petaca CM;6,2;7,15
Tabacco Way - Doctor Pipe - Latakia (50 g) - Lata CM;9,9;11,4
Tabacco Way - Doctor Pipe - Latakia (50 g) - Petaca CM;7,5;8,6
Tabacco Way - Doctor Pipe - Royal (50 g) - Lata CM;7,5;8,6
Tabacco Way - Doctor Pipe - Royal (50 g) - Petaca CM;5;5,75
Tabacco Way - Doctor Pipe - Scottish Mixture (50 g) - Lata CM;7,9;9,1
Tabacco Way - Doctor Pipe - Scottish Mixture (50 g) - Petaca CM;5,2;6
Tabacco Way - D'Ora - Golden Virginia (150 g) CM;12;13,8
Tabacco Way - D'Ora - Golden Virginia (250 g) CM;19,6;22,55
Tabacco Way - D'Ora - Golden Virginia (50 g) CM;4;4,6
Taboo Alien Twist (200 g) CM;9,9;11,4
Taboo Alien Twist (50 g) CM;2,7;3,1
Taboo Alpine Spirit (200 g) CM;9,9;11,4
Taboo Alpine Spirit (50 g) CM;2,7;3,1
Taboo American Pay (200 g) CM;9,9;11,4
Taboo American Pay (25 g) CM;1,15;1,3
Taboo American Pay (50 g) CM;2,7;3,1
Taboo Bahama Mama (200 g) CM;9,9;11,4
Taboo Bahama Mama (50 g) CM;2,7;3,1
Taboo Bikini Sunset (200 g) CM;9,9;11,4
Taboo Bikini Sunset (50 g) CM;2,7;3,1
Taboo Black Limousine (200 g) CM;9,9;11,4
Taboo Black Limousine (50 g) CM;2,7;3,1
Taboo Blizzardina (200 g) CM;9,9;11,4
Taboo Blizzardina (50 g) CM;2,7;3,1
Taboo Blue Bay (200 g) CM;9,9;11,4
Taboo Blue Bay (25 g) CM;1,15;1,3
Taboo Blue Bay (50 g) CM;2,7;3,1
Taboo Brutal Choice (200 g) CM;9,9;11,4
Taboo Brutal Choice (50 g) CM;2,7;3,1
Taboo Car Melo (50 g) CM;2,7;3,1
Taboo Caribbean Cruise (200 g) CM;9,9;11,4
Taboo Caribbean Cruise (50 g) CM;2,7;3,1
Taboo Casanova Dream (200 g) CM;9,9;11,4
Taboo Casanova Dream (50 g) CM;2,7;3,1
Taboo Cinna Mill (200 g) CM;9,9;11,4
Taboo Cinna Mill (50 g) CM;2,7;3,1
Taboo Cool Sunrise (200 g) CM;9,9;11,4
Taboo Cool Sunrise (50 g) CM;2,7;3,1
Taboo Copa Cabana (200 g) CM;9,9;11,4
Taboo Copa Cabana (50 g) CM;2,7;3,1
Taboo Cumulus (200 g) CM;9,9;11,4
Taboo Cumulus (50 g) CM;2,7;3,1
Taboo Dancing Queen (200 g) CM;9,9;11,4
Taboo Dancing Queen (50 g) CM;2,7;3,1
Taboo Dancing Queen (950 g) CM;39;44,85
Taboo Darkum (200 g) CM;9,9;11,4
Taboo Darkum (50 g) CM;2,7;3,1
Taboo Five O'Clock (200 g) CM;9,9;11,4
Taboo Five O'Clock (50 g) CM;2,7;3,1
Taboo French Kiss (200 g) CM;9,9;11,4
Taboo French Kiss (25 g) CM;1,15;1,3
Taboo French Kiss (50 g) CM;2,7;3,1
Taboo French Kss (200 g) CM;9,9;11,4
Taboo French Kss (50 g) CM;2,7;3,1
Taboo French Kss (950 g) CM;39;44,85
Taboo Game Over (200 g) CM;9,9;11,4
Taboo Game Over (50 g) CM;2,7;3,1
Taboo Golden Eye  (200 g) CM;9,9;11,4
Taboo Golden Eye  (50 g) CM;2,7;3,1
Taboo Hakuna Matata (200 g) CM;9,9;11,4
Taboo Hakuna Matata (50 g) CM;2,7;3,1
Taboo Indian Summer (200 g) CM;9,9;11,4
Taboo Indian Summer (50 g) CM;2,7;3,1
Taboo Irish Dream (200 g) CM;9,9;11,4
Taboo Irish Dream (50 g) CM;2,7;3,1
Taboo Italian Passion (200 g) CM;9,9;11,4
Taboo Italian Passion (50 g) CM;2,7;3,1
Taboo Jungle (200 g) CM;9,9;11,4
Taboo Jungle (50 g) CM;2,7;3,1
Taboo Lucky (50 g) CM;2,7;3,1
Taboo Mambo (200 g) CM;9,9;11,4
Taboo Mambo (50 g) CM;2,7;3,1
Taboo Misguided (200 g) CM;9,9;11,4
Taboo Misguided (50 g) CM;2,7;3,1
Taboo Moonwalk (200 g) CM;9,9;11,4
Taboo Moonwalk (50 g) CM;2,7;3,1
Taboo Mystic China (200 g) CM;9,9;11,4
Taboo Mystic China (50 g) CM;2,7;3,1
Taboo Over The Rainbow (200 g) CM;9,9;11,4
Taboo Over The Rainbow (25 g) CM;1,15;1,3
Taboo Over The Rainbow (50 g) CM;2,7;3,1
Taboo Over The Rainbow (950 g) CM;39;44,85
Taboo Pocamel (200 g) CM;9,9;11,4
Taboo Pocamel (50 g) CM;2,7;3,1
Taboo Power of Love (200 g) CM;9,9;11,4
Taboo Power of Love (50 g) CM;2,7;3,1
Taboo Promise (200 g) CM;9,9;11,4
Taboo Promise (50 g) CM;2,7;3,1
Taboo Red Blast (200 g) CM;9,9;11,4
Taboo Red Blast (50 g) CM;2,7;3,1
Taboo Red Fusion (200 g) CM;9,9;11,4
Taboo Red Fussion (50 g) CM;2,7;3,1
Taboo Richman (200 g) CM;9,9;11,4
Taboo Richman (50 g) CM;2,7;3,1
Taboo Rim Shot (200 g) CM;9,9;11,4
Taboo Rim Shot (50 g) CM;2,7;3,1
Taboo Seduction (200 g) CM;9,9;11,4
Taboo Seduction (25 g) CM;1,15;1,3
Taboo Seduction (50 g) CM;2,7;3,1
Taboo Sexy Green (200 g) CM;9,9;11,4
Taboo Sexy Green (25 g) CM;1,15;1,3
Taboo Sexy Green (50 g) CM;2,7;3,1
Taboo Sxy Green (200 g) CM;9,9;11,4
Taboo Sxy Green (25 g) CM;1,2;1,4
Taboo Sxy Green (50 g) CM;2,7;3,1
Taboo Sxy Green (950 g) CM;39;44,85
Taboo Talisman (200 g) CM;9,9;11,4
Taboo Talisman (50 g) CM;2,7;3,1
Taboo Tropical Storm (200 g) CM;9,9;11,4
Taboo Tropical Storm (50 g) CM;2,7;3,1
Taboo Tuxedo (200 g) CM;9,9;11,4
Taboo Tuxedo (50 g) CM;2,7;3,1
Taboo Unicorn Dust (200 g) CM;9,9;11,4
Taboo Unicorn Dust (50 g) CM;2,7;3,1
Taboo Waterfall (200 g) CM;9,9;11,4
Taboo Waterfall (25 g) CM;1,15;1,3
Taboo Waterfall (50 g) CM;2,7;3,1
Taboo Waterfall (950 g) CM;39;44,85
Tarifa Shisha Africa Tropical (50 g) CM;2,75;3,15
Tarifa Shisha Arctic Flow (50 g) CM;2,75;3,15
Tarifa Shisha Bikini (50 g) CM;2,75;3,15
Tarifa Shisha Dembow (50 g) CM;2,75;3,15
Tarifa Shisha Dragon Kahn (50 g) CM;2,75;3,15
Tarifa Shisha Estampida (50 g) CM;2,75;3,15
Tarifa Shisha Granny (50 g) CM;2,75;3,15
Tarifa Shisha Malone (50 g) CM;2,75;3,15
Tarifa Shisha Pecado (50 g) CM;2,75;3,15
Titanium Alaska (100 g) CM;6,65;7,65
Titanium Dallas (100 g) CM;6,65;7,65
Titanium Dortmund (100 g) CM;6,65;7,65
Titanium Florida (100 g) CM;6,65;7,65
Titanium Frankfurt (100 g) CM;6,65;7,65
Titanium Hookah Tobacco Alabama (100 g) CM;6,65;7,65
Titanium Hookah Tobacco Colorado (100 g) CM;6,65;7,65
Titanium Hookah Tobacco Delaware (100 g) CM;6,65;7,65
Titanium Hookah Tobacco Kansas (100 g) CM;6,65;7,65
Titanium Hookah Tobacco Missouri (100 g) CM;6,65;7,65
Titanium Hookah Tobacco Montana (100 g) CM;6,65;7,65
Titanium Hookah Tobacco New Mexico (100 g) CM;6,65;7,65
Titanium Hookah Tobacco New York (100 g) CM;6,65;7,65
Titanium Hookah Tobacco Ohio (100 g) CM;6,65;7,65
Titanium Hookah Tobacco Texas (100 g) CM;6,65;7,65
Titanium Indiana (100 g) CM;6,65;7,65
Titanium Michigan (100 g) CM;6,65;7,65
Titanium Stuttgart (100 g) CM;6,65;7,65
Touareg (40 g) CM;2,8;3,2
Touareg (60 g) CM;5;5,75
W.O .Larsen A True Delight (50 g) CM;5,15;5,9
W.O .Larsen Simply Unique (50 g) CM;5,15;5,9
W.O. Larsen 1864 (100 g) CM;18,4;21,15
W.O. Larsen Classic (100 g) CM;18,4;21,15
W.O. Larsen Edition 2013 (100 g) CM;9,8;11,25
W.O. Larsen Fresh & Elegant (50 g) CM;5,15;5,9
W.O. Larsen M.B.Golden Dream (50 g) CM;5,15;5,9
W.O. Larsen M.B.Mellow Mix (50 g) CM;5,15;5,9
W.O. Larsen M.B.Sweet Arom (50 g) CM;5,15;5,9
W.O. Larsen Mellow & Tasty (50 g) CM;5,15;5,9
W.O. Larsen Old Fashion (100 g) CM;18,4;21,15
W.O. Larsen Signature (100 g) CM;18,4;21,15
Ziggy Amazon Breeze (250 g) CM;16,25;18,7
Ziggy Amazon Breeze (50 g) CM;3,4;3,9
Ziggy Beach Crush (250 g) CM;16,25;18,7
Ziggy Beach Crush (50 g) CM;3,4;3,9
Ziggy Brazilian Gold (250 g) CM;16,25;18,7
Ziggy Brazilian Gold (50 g) CM;3,4;3,9
Ziggy Green Hapocalyx (250 g) CM;16,25;18,7
Ziggy Green Hapocalyx (50 g) CM;3,4;3,9
Ziggy Green Hapocalyx (990 g) CM;63,6;73,15
Ziggy Love Diamond (250 g) CM;16,25;18,7
Ziggy Love Diamond (50 g) CM;3,4;3,9
Ziggy Lust Crown (250 g) CM;16,25;18,7
Ziggy Lust Crown (50 g) CM;3,4;3,9
Ziggy Lust Queen (250 g) CM;16,25;18,7
Ziggy Lust Queen (50 g) CM;3,4;3,9
Ziggy Morning Glance (250 g) CM;16,25;18,7
Ziggy Morning Glance (50 g) CM;3,4;3,9
Ziggy Native Lines (250 g) CM;16,25;18,7
Ziggy Native Lines (50 g) CM;3,4;3,9
Ziggy Pool Party (250 g) CM;16,25;18,7
Ziggy Pool Party (50 g) CM;3,4;3,9
Ziggy Purple Starburst (250 g) CM;16,25;18,7
Ziggy Purple Starburst (50 g) CM;3,4;3,9
Ziggy Rainbow Blast (250 g) CM;16,25;18,7
Ziggy Rainbow Blast (50 g) CM;3,4;3,9
Ziggy Red Starburst (250 g) CM;16,25;18,7
Ziggy Red Starburst (50 g) CM;3,4;3,9
Ziggy Rocket Flame (250 g) CM;16,25;18,7
Ziggy Rocket Flame (50 g) CM;3,4;3,9
Ziggy Rubi Shade (250 g) CM;16,25;18,7
Ziggy Rubi Shade (50 g) CM;3,4;3,9
Ziggy Show Dream (250 g) CM;16,25;18,7
Ziggy Show Dream (50 g) CM;3,4;3,9
Ziggy Summer Sunrise (250 g) CM;16,25;18,7
Ziggy Summer Sunrise (50 g) CM;3,4;3,9
Ziggy Summer Sunrise (990 g) CM;63,6;73,15
Ziggy Thrill Hunter (250 g) CM;16,25;18,7
Ziggy Thrill Hunter (50 g) CM;3,4;3,9
Ziggy Tropical (250 g) CM;16,25;18,7
Ziggy Tropical (50 g) CM;3,4;3,9
Ziggy Valentine's Kiss (250 g) CM;16,25;18,7
Ziggy Valentine's Kiss (50 g) CM;3,4;3,9
Ziggy Velvet Petals (250 g) CM;16,25;18,7
Ziggy Velvet Petals (50 g) CM;3,4;3,9
Ziggy Wild Dive (250 g) CM;16,25;18,7
Ziggy Wild Dive (50 g) CM;3,4;3,9
Ziggy Yellow Hype (250 g) CM;16,25;18,7
Ziggy Yellow Hype (50 g) CM;3,4;3,9
Zomo Bana Cin (50 g) CM;2;2,3
Zomo Dragon Wall (50 g) CM;2,03;2,35
Zomo Dry Sahara (50 g) CM;2,03;2,35
Zomo Ki Lem (50 g) CM;2,03;2,35
Zomo Lim Lemo (50 g) CM;2,03;2,35
Zomo Mystery of Bali (50 g) CM;2,03;2,35
Zomo Secret of Babylon (50 g) CM;2,03;2,35
Zomo Spiced Chy (50 g) CM;2;2,3
Zomo Splash Tang (50 g) CM;2;2,3
Zomo Strong Lim (50 g) CM;2;2,3
Zomo Strong MLN (50 g) CM;2,03;2,35
Zomo Strong Mnt (100 g) CM;3,95;4,55
Zomo Strong Orng (100 g) CM;3,95;4,55
Zomo Swiss Alps (50 g) CM;2,03;2,35
Zomo Tropical Amazon (100 g) CM;3,95;4,55
Zomo Wild Africa (50 g) CM;2,03;2,35
Zomo Wtrmln Mnt (100 g) CM;3,95;4,55
